ALMACÉN,BEBÉS Y NIÑOS,BEBIDAS,CARNES,CONGELADOS,ELECTRO,FRUTAS Y VERDURAS,HOGAR Y TEXTIL,LÁCTEOS,LIMPIEZA,MASCOTAS,PANADERÍA Y PASTELERÍA,PERFUMERÍA,PESCADOS Y MARISCOS,QUESOS Y FIAMBRES,ROTISERÍA,TIEMPO LIBRE,VIVI SALUDABLE
Aceites,Accesorios de Entrenamiento,Aguas de Coco,Ahumadores,Acelgas,Accesorios de Audio,Acelgas,Ablandadores,Alimentos Lácteos,Abrillantadores para Lavavajillas,Accesorios para Mascotas,Alfajores de Maicena,Aceites para el Pelo,Abadejos,Aceitunas Descarozadas,Bastones de Mozzarella,Abrochadoras,Aceites de Coco
Aceites de Coco,Accesorios Juguetes de Acción,Aguas de Mesa,Carbón,Albóndigas,Accesorios Gamers,Achicorias,Abrelatas,Alimentos Vegetales,Antigrasas,Alimentos para Gatos,Alfajores Negros,Acondicionadores,Almejas,Aceitunas Negras,Bocaditos,Accesorios Camping,Albóndigas
Aceites de Girasol,Accesorios para Disfraces,Aguas Minerales con Gas,Carne de Cerdo,Aros de cebolla,Adaptadores,Ajos,Accesorios Camping,Arroz con Leche,Aprestos,Alimentos para Perros,Bizcochos,After Shave,Anchoitas,Aceitunas Rellenas,Ciabattas,Accesorios de Entrenamiento,Almendras
Aceites de Maíz,Aceites de Bebé,Aguas Minerales sin Gas,Carnes de Cerdo,Arrollados Primavera,Afeitadoras Eléctricas,Ají,Accesorios de Baño,Bebidas Lácteas,Aromatizadores,Arena Sanitaria,Bizcochuelos,Agua Oxigenada,Anillas de Calamar,Aceitunas Verdes,Cortes de Pollo,Accesorios de Viaje,Aromatizadores
Aceites de Oliva,Acondicionadores,Aguas Saborizadas con Gas,Carnes de Cordero,Arvejas,Aire Acondicionado Portátil,Ají Molido,Aceiteras y Vinagreras,Bebidas Vegetales,Aromatizante,Arneses para Perros,Budines,Aguas Micelares,Arenques,Alimentos Lácteos,Empanadas Congeladas,Accesorios Mangueras,Arroz Integral
Aceites Mezclas,Almohadones,Aguas Saborizadas sin Gas,Carnes Vacuna,Bastones de Merluza,Aire Acondicionado Split,Ajíes en Vinagre,Acolchados,Capellettis,Aromatizantes,Camas para perros,Cheesecakes,Alcohol en Gel,Berberechos,Berenjenas en Escabeche,Empanadas Horno,Accesorios para Bicicletas,Arándanos
Acetos Balsámicos,Animales de Juguete,Aguas Tónicas,Chinchulines,Bastones de Mozzarella,Aire Acondicionado Split Inverter,Akusay,Adhesivo,Carnes Veganas,Autobrillos,Cepillos para Calzado,Chocolate,Alcohol Etílico,Bogas,Bondiolas,Ensaladas,Accesorios para Parrillas,Barras de Arroz
Ajos,Autos a Control Remoto,Aperitivos,Chorizos,Bastones de Pollo,All in One,Albahacas,Adhesivos de Contacto,Cremas Chantilly,Baldes,Collares para Gatos,Ciabattas,Algodón,Calamares,Cebollitas,Focaccias,Accesorios para Piletas,Barras de Avellana
Ají,Autos de Juguete,Bebidas a Base de Hierbas,Chorizos de Cerdo,Bastones de Surimi,Anafes a Gas,Alcauciles,Adhesivos Montaje,Cremas de Leche,Bolsas de Compras,Collares para Perros,Cremonas,Apósitos,Camarones,Chorizos,Matambres Arrollados,Accesorios Riego,Barras de Cereal
Ají Molido,Aviones de Juguete,Bebidas Energizantes,Cortes de Pollo,Bocaditos,Android TV,Almendras,Adhesivos Selladores,Cremas para Batir,Bolsas de Residuos,Comederos y Bebederos,Donas,Bandas Depilatorias,Caviares,Chutney,Medallones de Pescado,Acondicionador De Suelo,Bayas
Albahacas,Baberos,Bebidas Isotónicas,Cortes para Milanesas,Bocaditos de Pollo,Antenas,Ananás,Afiladores de Cuchillos,Cuernitos,Bolsas Ecológicas,Correas para Perros,Esponjas de Cocina,Baños de Crema,Chernias,Clavos Cabeza Chata,Milanesas,Acondicionadores de suelo,Bebidas Vegetales
Alcaparras,Bancos de Trabajo,Cachazas,Hígados,Bocados,Aspiradoras Ciclónicas,Apios,Agarraderas,Dulce de leche,Bolsas Multiuso,Dispensadores,Facturas,Body Splash,Colas de Calamar,Corazones de Alcaucil,Nuggets,Acoples y Conectores,Bizcochos
Alcauciles,Bijou Infantil,Cervezas,Iniciadores de Fuego,Bombones Helados,Aspiradoras de Arrastre,Aromatizadores,Aguas Desmineralizadas,Dulces de Leche,Bolsas Reutilizables,Higiene para Mascotas,Focaccias,Bálsamos Hidratantes,Cornalitos,Cremas de Alcauciles,Pizzas Congeladas,Acuarelas,Bocaditos
Alfajores,Bloques para Niños,Cervezas Artesanales,Lenguas,Brócolis,Aspiradoras de Mano,Arroz Integral,Alargues,Facturas,Cabos para Escobas,Lustramuebles,Galletas Marineras,Bálsamos Labiales,Filetes Marinados,Dulces de Batata,Platos Cocinados,Adhesivo,Bolitas de Chocolate
Alfajores Blancos,Burbujeros,Cervezas Importadas,Leña,Cachetes de Abadejo,Aspiradoras Robot,Arroz Preparado,Alfombras para Autos,Fideos Penne,Cepillos de Baño,Sanitarios Gatos,Grisines,Cepillo de Dientes,Gatuzos,Dulces de Membrillo,Rebozados de Pollo,Adhesivos Universales,Budines
Alfajores de Arroz,Camiones de Juguete,Cervezas Premium,Matambre de Carne,Carnes Veganas,Aspiradoras Trineo,Arroz Thai,Alfombras para Baño,Flanes,Cepillos de Limpieza,Shampoo para Mascotas,Limón,Cepillo Interdental,Langostinos,Dulces de Zapallo,Sushis,Almohadas de Viaje,Caldos de Verduras
Alfajores De Coco Y Dulce De Leche,Canastos Organizadores,Cervezas Sin Alcohol,Mollejas,Cebollas,Aspiradoras Verticales,Arándanos,Algodoneros,Grasa,Cepillos de Uñas,Snacks para Gatos,Manzana,Cepillos de Dientes,Medallón de Merluza,Escabeches,Sándwiches,Andarines,Carnes Veganas
Alfajores de Maicena,Casas de Muñecas,Cervezas Tradicionales,Morcillas,Champiñones,Auriculares,Avellanas,Almohadas,Grasas para Cocinar,Ceras para Pisos,Snacks para Perros,Medialunas,Cepillos de Dientes Infantiles,Medallón de Salmón,Espárragos,Tartas,Antiparras,Cereal de Arroz
Alfajores Frutados,Casitas de Juegos,Champagnes,Nuggets,Chipás,Auriculares Inalámbricos,Bananas,Almohadas Viscoelásticas,Hummus,Desengrasantes,,Muffins,Cepillos de Pelo,Mejillones,Fondue de Queso,Trozados de Pollo,Antorchas,Cereales de Arroz
Alfajores Negros,Chupetes,Coñac,Otras Menudencias,Choclos,Balanzas de Baño,Batatas,Almohadones,Leche Chocolatada,Desinfectantes,,Pan Baguette,Cepillos Interdentales,Merluzas,Hojas de Parra,Wraps,Arco de Fútbol,Cereales Saborizados
Alfajores Simples,Cocinas de Juguete,Cremas de Licores,Riñones,Conos de Helado,Batidoras de Mano,Bayas,Apliqués,Leche Descremada,Desodorantes de Ambientes,,Pan Chips,Ceras Depilatorias,Meros,Hummus,,Aros de Básquetbol,Croquetas
Alfajores Surtidos,Colonias,Cócteles,Salchichas,Cortes de Pollo,Batidoras de Pedestal,Berenjenas,Aromantizantes,Leche en Polvo,Destapa Cañerias,,Pan de Hamburguesa,Ceras Ortodónticas,Mix de Mariscos,Insecticidas,,Aspersores,Dulces de Frambuesa
Alfajores Triples,Cámaras de Juguete,Espumantes,Supremas de Pollo,Cortes para Milanesas,Batidoras Planetarias,Brotes de Alfalfa,Aromatizadores,Leche Entera,Detergentes,,Pan de Miga,Ceras para Peinar,Ostiones,Jamón Asado,,Atizadores para Parrilla,Dulces de Leche
Alimentos de Masa Madre,Dardos,Fernet,Trozados de Carne,Croquetas,Bolsas para Aspiradoras,Brotes de Soja,Aromatizantes,Leches,Detergentes Lavavajillas,,Pan de Molde,Cremas Adhesivas para Prótesis Dentales,Pacú,Jamón Cocido,,Bandas Deportivas,Frutillas
Almendras,Dinosaurios y Dragones,Frizzantes,,Empanadas Congeladas,Cables USB,Brócolis,Asaderas,Leches Cultivadas,Detergentes para Ropa,,Pan de Pancho,Cremas Anti Arrugas,Palometas,Jamón Crudo,,Barras de Entrenamiento,Fusillis
Almidón de Maíz,Especieros,Frutillas,,Empanadas Horno,Cafeteras,Calabazas,Autobrillos,Leches Descremadas,Difusores,,Pan de Salvado,Cremas Contorno de Ojos,Pescados,Jamón Serrano,,Barrehojas,Galletas de Chocolate
Anafes,Espumas de Baño,Gaseosas,,Espinacas,Calefactores Eléctricos,Castañas de Cajú,Azucareras,Leches Entera,Escarbadientes,,Pan de Semillas,Cremas Corporales,Pez Gallo,Kimchis,,Bicicletas,Galletas Rellenas y Bañadas
Ananás,Figuras Coleccionables,Gaseosas Light,,Frambuesas,Calefactores por Convección,Cazuela de Hortalizas,Balizas Autos,Leches Saborizadas,Escobas y Escobillones,,Pan Estrella,Cremas de Afeitar,Pulpos,Leberwust,,Bicicletas de Paseo,Galletas Secas
Anchoas,Fijadores de Pelo,Gaseosas Sin Azúcar,,Guapaletas,Calefones a Gas,Cañas de Azúcar,Bancos,Levaduras,Escobillas,,Pan Flauta,Cremas de Manos,Rabas,Lomo Ahumado,,Bicicletas Infantiles,Galletas sin Gluten
Anís,Frazadas,Gin,,Hamburguesas de Carne Vacuna,Caloventores,Cebollas,Bandejas,Mantecas,Especieros,,Pan Pebete,Cremas de Peinar,Robalos,Lomo Curado,,Bicicletas MTB,Galletitas de Agua
Arepas,Hisopos,Hielo,,Hamburguesas de Soja,Cargadores USB,Cebollitas,Bandoleras,Margarina,Esponjas,,Pasta Frola,Cremas Depilatorias,Salmón,Lomo de Cerdo,,Blocks de Dibujo,Garbanzos
Aromatizadores,Jabones de Tocador,Insecticidas,,Hamburguesas Veganas,Cavas,Champiñones,Banquitos,Masas para Pastas,Esponjas de Cocina,,Pastelitos,Cremas Faciales,Supremas de Merluzas,Lomos de Cerdo,,Blocks de Hojas,Granolas
Arroz Doble,Jabones Líquidos,Jarabes de Goma,,Helado,Celulares,Chauchas,Barral para Cortina de Baño,Masas para Tartas,Fósforos,,Piononos,Cremas Hidratantes,Tartas de Merluzas,Longanizas,,Blocks de Notas,Hamburguesas Veganas
Arroz Especial,Juegos de Agua,Jugos Concentrados,,Helados,Cocinas a Gas,Chia,Barras Adhesivas,Milanesas,Gel de Limpieza,,Pizzas Congeladas,Cremas para Manos,Tartas de Salmón,Lupines,,Bolsas de Dormir,Harina de Quinoa
Arroz Grano Largo,Juegos de Ajedrez y Damas,Jugos de Soja,,Kani Kama,Cocinas Eléctricas,Chimichurris,Basureros,Panzottis,Guantes,,Pizzetas,Cremas para Paspaduras,Truchas,Mix de Frutos Secos,,Bolsas de Lavado,Helados
Arroz Integral,Juegos de Cartas,Jugos en Polvo,,Medallones,Corta Cabellos,Choclos,Bengalas,Pastas Frescas,Guantes de Cocina,,Prepizzas,Cremas para Peinar,Tubos de Calamar,Mortadelas,,Bolsas de Papel,Huevos de Gallina
Arroz Preparado,Juegos de Encastre,Jugos en Polvo Light,,Medallones de Carne,Cámaras de Seguridad,Chocolates,Biferas,Pastas Rellenas,Guantes de Limpieza,,Selva Negra,Desmaquillantes,Vieiras,Mostazas,,Bolsas de Regalo,Hummus
Arvejas,Juegos de Hogar y Oficios,Jugos Frescos,,Medallones de Garbanzo,Enfriadores de Aire,Cilantros,Blusas,Postres,Guantes de Látex,,Sándwiches,Desodorante,,Paleta de Cerdo,,Bolsos de Viaje,Humus
Arándanos,Juegos de Mesa,Jugos Listos,,Medallones de Legumbres,Espumadores de Leche,Ciruelas,Bodys,Postres Lácteos,Insecticidas,,Tartas,Desodorantes,,Panceta de Cerdo,,Bolígrafos,Jugos Frescos
Atún al Natural,Juegos Deportivos,Jugos Naturales,,Medallones de Lentejas,Exprimidores Eléctricos,Cocos,Bolsas al Vacío,Quesos,Jabones de Tocador,,Tortas,Desodorantes en Aerosol,,Pancetas,,Bombas y Filtros para Piletas,Jugos Listos
Atún Desmenuzado,Juegos Didácticos,Jugos refrigerados,,Medallones de Pollo,Extractores de Jugo,Coliflor,Bolsas al Vacío para Ropa,Quesos Cheddar,Jabones en Pan,,Tortas Materas,Desodorantes en Barra,,Pancetas Ahumada,,Boyas,Kombuchas
Atún en Aceite,Juegos Musicales,Kombuchas,,Medallones de Poroto,Freezer Horizontal,Condimentos,Bolsas con Cierre Hermético,Quesos Cremoso,Jabones en Polvo,,Tostadas,Desodorantes en Crema,,Pastas de Aceituna,,Brillantinas,Lentejas
Ave María,Juegos para Pintar y Crear,Licores,,Medallones de Quinoa,Freezer Vertical,Couscous,Bolsas de Compras,Quesos Rallado,Jabones Líquidos,,Tradicional,Desodorantes en Gel,,Pastrones,,Candados,Limpiadores de Pisos
Avenas,Juguetes de Playa,Limonadas,,Medallones de Soja,Freidoras de Aire,Curry,Bolsas Multiuso,Quesos Untables,Lavandinas,,Vigilantes,Desodorantes en Roll-On,,Paté,,Carpeta Escolar,Mantecas
Azafranes,Juguetes Didácticos,Limones,,Medallones de Verdura,Frigobares,Cúrcumas,Bolsas para Almacenar,Ravioles,Lavavajillas,,,Desodorantes Íntimos,,Pechugas de Pavo,,Carpetas Escolares,Mantequilla de Maní
Azúcar Común,Lanzadores y Pistolas de Juguete,Lustramuebles,,Medallones de Verduras,Gasificadores de Agua,Damascos,Bolsas para Horno,Salchichas,Limpiadores de Alfombras,,,Dispensers de Jabón Líquido,,Pepinillos,,Cartucheras,Maní Pelado
Azúcar Impalpable,Leches Infantiles,Pilas Recargables,,Medallón de Merluza,Heladeras con Freezer,Duraznos,Bolsas para Ropa,Sorrentinos,Limpiadores de Baños,,,Eau de Parfum,,Pepinos,,Cartulinas,Mayonesas
Azúcar Molida,Maletines,Pisco,,Medallón de Salmón,Heladeras Cíclicas,Dátiles,Bolsas Reutilizables,Tapas de Copetín,Limpiadores de Inodoros,,,Eau de Toilette,,Pickles,,Cepillos Limpiadores Parrillas,Maíz Molido
Azúcar Rubia,Mamaderas,Pulpas de Fruta,,Merluzas,Heladeras No Frost,Endivias,Bombacha,Tapas de Empanadas,Limpiadores de Metales,,,Enjuagues Bucal,,Pimientos,,Ceras para Pisos,Medallones de Garbanzo
Bacalaos,Maquillajes Infantiles,Quesos,,Milanesa,Heladeras Sibe by Side,Ensaladas,Bombachas,Tapas de Pascualinas,Limpiadores de Pisos,,,Enjuagues Bucales,,Provoletas,,Chalecos y Salvavidas,Medallones de Legumbres
Barbacoas,Medias,Renovadores de Calzado,,Milanesa de Merluza,Hogares a Leña,Ensaladas Mixtas,Bombillas,Tapas de Pastelitos,Limpiadores de Vidrios,,,Esmaltes de Uñas,,Puré de Berenjenas,,Chombas,Medallones de Lentejas
Barras de Arroz,Mordillos,Ron,,Milanesas,Horno Eléctrico,Espinacas,Bombillas Dicroicas,Tortillas,Limpiadores de Zapatos,,,Esponjas de Maquillaje,,Queso Untables,,Cintas Adhesivas,Medallones de Poroto
Barras de Avellana,Muñecas y Accesorios,Sidras,,Mix de Verduras,Hornos a Gas,Espárragos,Bombillas Led,Yogur Descremado,Limpiadores Multiusos,,,Espumas de Afeitar,,Quesos Azul,,Cloro y Clarificadores Piletas,Medallones de Quinoa
Barras de Cereal,Muñecos y Figuras de Acción,Soda,,Mix Vegetales,Hornos Eléctricos,Frutas del Dragón,Botellas,Yogur Entero,Limpiavidrios,,,Exfoliantes Faciales,,Quesos Barra,,Cojines,Medallones de Soja
Barras de Chocolate,Organizadores de Juguetes,Tequila,,Nuggets,Impresoras Láser,Frutillas,Botiquines,Yogures Enteros,Lustramuebles,,,Fijadores de Pelo,,Quesos Blanco,,Coladores,Medallones de Verdura
Batatas,Pañales,Vermouths,,Nuggets Vegetales,Impresoras Multifuncionales,Frutillas Congeladas,Bowls,Yogurt Descremado,Palas,,,Gel de Afeitar,,Quesos Brie,,Colchonetas,Medallones de Verduras
Bebidas a Base de Hierbas,Pañales Descartables,Vinos,,Pancakes,Juegos PS5,Frutos Rojos Congelados,Boxers,Yogurt Entero,Palitos de Brochette,,,Gel de Limpieza,,Quesos Camembert,,Compás,Mermeladas
Berberechos,Pañales Pants,Vinos Blancos,,Papas,Lavarropas Carga Frontal,Garbanzos,Budineras,Yogurt Firme,Papeles Higiénicos,,,Gel para Cabello,,Quesos Cheddar,,Contenedores,Miel
Bicarbonato de Sodio,Pelotas,Vinos Dulces,,Papas al Horno,Lavarropas Carga Superior,Garrapiñadas,Bufandas,Yogurt Semidescremado,Pastillas para Inodoros,,,Gel Post Solar,,Quesos con Especias y Sabores,,Cuadernos A4,Milanesas
Biscuits,Peluches,Vinos Moscato,,Papas Fritas,Lavarropas Semiautomáticos,Girgolas,Buzo,Yogurts,Paños de Limpieza,,,Geles,,Quesos Crema,,Cuadernos ABC,Mix de Frutas
Bizcochos,Pistas de Autos,Vinos Rosados,,Papas Noisette,Lavasecarropas,Granadas,Buzos,Ñoquis,Paños de Microfibra,,,Geles Dentales,,Quesos Cremoso,,Cuadernos Cuadriculados,Mix de Frutos Secos
Bizcochuelos,Pistolas de Agua,Vinos Tintos,,Pestos,Lavavajillas,Granolas,Cables Puente Batería,,Paños Multiusos,,,Hilos Dentales,,Quesos Cuartirolo,,Cuadernos Rayados,Mix de Semillas
Bocaditos,Pistolas de Dardos,Vodka,,Pizzas Congeladas,Licuadoras,Guayabas,Cacerolas,,Pañuelos Descartables,,,Jabones de Tocador,,Quesos Danbo,,Cuadernos Universitarios,Mousses
Bolitas de Chocolate,Pistolas de Juguete,Whisky,,Postres,Licuadoras de Mano,Harina de Garbanzo,Cactus y Suculentas,,Perfumantes para Ropa,,,Jabones Espumas,,Quesos de Búfala,,Cuentos Infantiles,Nueces
Bolsas para Horno,Plastilinas y Masas,,,Postres Helados,Microondas,Harina de Lino,Cafeteras,,Plastilinas y Masas,,,Jabones Líquidos,,Quesos de Cabra,,Diarios,Nuggets Vegetales
Bombones,Puzzles,,,Postres Lácteos,Mixers,Harina de Quinoa,Cajas de Cartón,,Plumeros,,,Kit de Manicura,,Quesos de Oveja,,Discos y Braseros,Obleas
Bombones Surtidos,Puzzles y Rompecabezas,,,Pulpas de Palta,Molinillos,Harina Especial,Cajas Decorativas,,Quitamanchas,,,Kit Dental,,Quesos Edam,,Especieros,Pan de Campo
Brownies,Rebozadores,,,Quesos Muzzarella,Monitores,Higos,Cajas Organizadoras,,Renovadores de Calzado,,,Lubricantes,,Quesos Emmental,,Estantes,Pan de Hamburguesa
Budines,Relojes de Juguete,,,Ravioles,Mouse,Hinojos,Calzas,,Reparador de Muebles,,,Mascarillas para el Pelo,,Quesos Fontina,,Etiquetas Adhesivas,Pan de Molde
Caballas,Robots y Naves Espaciales,,,Rebozados de Pollo,Nebulizadores,Hongos,Caminos de Mesa,,Repelentes,,,Máquinas de Afeitar,,Quesos Fundido,,Fertilizante,Pan Francés
Cabellos de Ángel,Rompecabezas,,,Salchichas,Notebooks,Huevos,Camisas,,Repuestos Aromatizadores,,,Máscaras Capilares,,Quesos Gouda,,Fertilizantes,Pan Hamburguesa
Cacao en Polvo,Set de Cabello Infantil,,,Salchichas Vegetarianas,Ojotas,Huevos de color,Camperas,,Repuestos para Insecticidas,,,Pastas Dentales,,Quesos Gruyere,,Flotadores,Pan Integral
Café,Set de Juegos Niños,,,Salteados de Verduras,Paneles Calefactores,Huevos de Gallina,Canasto Organizador,,Rodillos,,,Pañales,,Quesos Mascarpone,,Fogoneros,Pan Pebete
Café Descafeinado,Set Higiene,,,Supremas,Paneles Cerámicos,Jengibres,Canastos Organizadores,,Rollos de Cocina,,,Pañales Pants,,Quesos Muzzarella,,Folios,Pan Rallado
Café en Grano,Shampoos,,,Supremas de Espinaca,Parlantes,Kales,Canastos para Ropa,,Sal para Lavavajillas,,,Pañales para Adultos,,Quesos Parmesano,,Fundas para Celulares,Pastas de Berenjena
Café Molido,Slimes y Masas,,,Supremas de Pollo,Parlantes Bluetooth,Kiwis,Candados,,Salmones,,,Peines,,Quesos Pategrás,,Gel Refrigerante,Pochoclos
Cafés,Sonajeros,,,Tabletas Heladas,Parlantes Portátiles,Lechugas,Candelabros,,Secadores de Pisos,,,Perfumeria,,Quesos Port Salut,,Goma Eva,Polvos de Hornear
Calamares,Talcos,,,Tiramisús,Pavas Eléctricas,Lentejas,Canisters de Cocina,,Servilletas,,,Polvos y Talcos,,Quesos Provoleta,,Gomas de Borrar,Porotos
Caldos de Albahaca,Tinturas de Pelo,,,Tortas,Pendrives,Limones,Canisters y Contenedores,,Sopapas,,,Preservativos,,Quesos Provolone,,Gorros de Baño,Premezclas
Caldos de Carne,Toallas de Baño,,,Yogur Helado,Plancha Seca,Limpiadores de Pisos,Cardigan,,Suavizantes,,,Protectores Diarios,,Quesos Rallado,,Herramientas de Jardín,Quesos Cremoso
Caldos de Cebolla,Toallitas Húmedas,,,,Planchas a Vapor,Mandarinas,Cargadores de Pilas,,Suavizantes para Ropa,,,Protectores Solares,,Quesos Reggianito,,Hojas de Ilustración,Quesos de Búfala
Caldos de Champiñón,Trenes de Juguete,,,,Planchitas de Pelo,Mangos,Carrito de Paseo,,Trapos de Pisos,,,Quitaesmaltes,,Quesos Roquefort,,Infladores Manuales,Quesos Muzzarella
Caldos de Finas Hierbas,Vasos,,,,Procesadoras de Alimentos,Manzanas,Carros,,Velas Aromáticas,,,Repuestos de Afeitar,,Quesos Sardo,,Insecticidas,Quesos Provoleta
Caldos de Gallina,Óleos Calcáreos,,,,PS5,Maní con Chocolate,Carros de Compra,,,,,Set de Belleza,,Quesos Tres Leches,,Jarros,Quesos Untables
Caldos de Pescado,,,,,Purificadores de Aire,Maní Confitado,Carteles de Chapa,,,,,Set de Higiene,,Quesos Tybo,,Juegos de Agua,Rebozadores
Caldos de Queso,,,,,Radiadores Eléctricos,Maní Japonés,Carteras,,,,,Shampoo,,Quesos Untables,,Juegos Inflables,Sal Gruesa
Caldos de Verduras,,,,,Ralladores,Maní Pelado,Ceniceros,,,,,Shampoos,,Repollos Encurtidos,,Juguetes de Playa,Salchichas Vegetarianas
Canelas,,,,,Recortadoras de Barba,Maní Salado,Centros de Mesa,,,,,Shampoos 2 en 1,,Ricotas,,Lapiceras,Snacks Salados
Capelettinis,,,,,Rizadores,Maní Tostado,Cepillo de Baño,,,,,Shampoos Familiar,,Salames,,Lapices,Snacks Vegetales
Caracoles,,,,,Routers,Maracuyás,Cepillos de Baño,,,,,Shampoos Matizador,,Salchichas,,Libros,Spaghettis
Caramelos Duros,,,,,Sandwicheras,Maíz Molido,Cepillos y Plumeros Autos,,,,,Shampoos para la Caspa,,Salchichas Vegetarianas,,Libros de Actividades,Tortas
Caramelos Masticables,,,,,Secadores de Pelo,Medallón de Durazno,Ceras para Autos,,,,,Shampoos Restauración,,Salchichones,,Libros de Autoayuda,Tortillas
Castañas de Cajú,,,,,Secarropas,Melones,Ceras para Pisos,,,,,Sérum Faciales,,Salchichón,,Libros de Biografías y Memorias,Tostadas
Cebadas,,,,,Smart TV,Membrillos,Cestos de Basura,,,,,Talcos,,Salmones,,Libros de Ciencia Ficción,Té Negro
Cebollas,,,,,Soportes para TV,Mix de Especias,Chalecos Reflectivos,,,,,Tampones,,Salsas Blancas y Especiales,,Libros de Ciencias y Tecnología,Té Saborizados
Cebollas Deshidratadas,,,,,Soundbar,Mix de Frutas,Chombas,,,,,Tinturas de Pelo,,Salsas de Queso,,Libros de Deportes,Té Verde
Ceras para Pisos,,,,,Tablets,Mix de Frutos Secos,Chopp,,,,,Toallitas Desmaquillantes,,Tabla de Fiambres,,Libros de Economía y Finanzas,Vainillas
Cereal de Arroz,,,,,Tarjetas de Memoria,Mix de Semillas,Cintas Adhesivas,,,,,Toallitas Femeninas,,Tablas de Quesos,,Libros de Fantasía,Vinagres de Alcohol
Cereales de Arroz,,,,,Teclados,Mix de Verduras,Cintas Aislantes,,,,,Toallitas Húmedas,,Truchas,,Libros de Salud y Bienestar,Vinagres de Manzana
Cereales de Avena,,,,,Teclados Gamer,Mix Vegetales,Cintas de Embalar,,,,,Tratamiento Capilar,,,,Libros Didácticos,Yogurt Descremado
Cereales de Trigo,,,,,Televisores Digitales,Moras,Cintas de Enmascarar,,,,,Tratamientos Capilares,,,,Libros Esotéricos,Yogurt Entero
Cereales Saborizados,,,,,Tensiómetros,Naranjas,Cintas Métricas,,,,,Tónicos Faciales,,,,Libros Ilustrados,Zanahorias
Champiñones,,,,,Termotanques a Gas,Nueces,Clavos Cabeza Chata,,,,,Óleos para Cabello,,,,Libros Infantiles,
Chicles,,,,,Termotanques Eléctricos,Paltas,Cocteleras,,,,,,,,,Libros Infanto Juveniles,
Choclos,,,,,Tintas,Papas,Cojin,,,,,,,,,Libros para Colorear,
Chocolates,,,,,Torres de Sonido,Papayas,Cojines,,,,,,,,,Luncheras,
Choritos,,,,,Tostadoras Eléctricas,Pasas,Coladores,,,,,,,,,Lápices Corrector,
Chupetines,,,,,Trapos de Pisos,Pepinos,Colaless,,,,,,,,,Lápices de Colores,
Chutney,,,,,Vaporeras,Peras,Colgadores,,,,,,,,,Lápices Gel,
Claras de Huevo,,,,,Vaporizadores,Perejil,Compoteras,,,,,,,,,Lápices Grafito,
Coco Rallado,,,,,Ventiladores de Pared,Pestos,Conjuntos,,,,,,,,,Macetas,
Cominos,,,,,Ventiladores de Pie,Pimentones,Contenedor de Alimentos,,,,,,,,,Mancuernas,
Condimentos,,,,,Ventiladores Turbo,Pimientas,Contenedores,,,,,,,,,Mangueras,
Confites,,,,,volantes,Pimientos,Contenedores Hérmeticos,,,,,,,,,Marcadores,
Copos de Maíz,,,,,Volantes y Pedales,Pistachos,Copas,,,,,,,,,Mats de Yoga,
Couscous,,,,,Webcam,Plantines,Corpiños,,,,,,,,,Mezcladores,
Cremas de Almendras,,,,,,Pomelos,Cortinas de Baño,,,,,,,,,Mochila,
Cremas de Avellana,,,,,,Porotos,Cotillón,,,,,,,,,Mochilas,
Cremas de Avellanas,,,,,,Provenzales,Cuadros,,,,,,,,,Mochilas con Ruedas,
Cremas de Pistachos,,,,,,Puerros,Cubeteras,,,,,,,,,Mochilas Escolares,
Cremas en Polvo,,,,,,Puré de Zapallo,Cubre Manteles,,,,,,,,,Mochilas Infantiles,
Cremas Instantáneas,,,,,,Radichetas,Cubre Volante,,,,,,,,,Moldes,
Curry,,,,,,Remolachas,Cubrecamas,,,,,,,,,Monopatin,
Cápsulas de Café,,,,,,Repollos,Cucharas,,,,,,,,,Monopatines,
Desinfectantes,,,,,,Romeros,Cucharas Descartables,,,,,,,,,Moños de Regalo,
Dulces de Arándano,,,,,,Rábanos,Cucharones,,,,,,,,,Máscaras,
Dulces de Cereza,,,,,,Rúculas,Cuchillos,,,,,,,,,Novelas,
Dulces de Durazno,,,,,,Sal Condimentada,Cutters,,,,,,,,,Organizadores,
Dulces de Frambuesa,,,,,,Sal Fina,Decantadores de Vino,,,,,,,,,Organizadores de Valija,
Dulces de Frutilla,,,,,,Salsas Blancas y Especiales,Decoración Navideña,,,,,,,,,Paletas de Ping Pong,
Dulces de Frutos Rojos,,,,,,Salsas César,Delantales de Cocina,,,,,,,,,Paletas de Playa,
Duraznos,,,,,,Sandías,Desodorantes de Ambientes,,,,,,,,,Pancakes,
Edulcorantes Comprimidos,,,,,,Semillas de Girasol,Despenseros,,,,,,,,,Papeles de Regalo,
Edulcorantes en Polvo,,,,,,Semillas de Lino,Difusores,,,,,,,,,Papeles Surtidos,
Edulcorantes Líquidos,,,,,,Semillas de Quinoa,Dispensadores,,,,,,,,,Parrillas a Carbón,
Ensaladas de Atún,,,,,,Semillas de Sésamo,Encendedores,,,,,,,,,Pegamentos en Barra,
Esencias Comestibles,,,,,,Snacks Vegetales,Ensaladeras,,,,,,,,,Pelotas,
Especias Comestibles,,,,,,Sopas de Verduras,Enteritos,,,,,,,,,Pelotas de Básquetbol,
Espinacas,,,,,,Tomates,Escaleras,,,,,,,,,Pelotas de Fútbol,
Extractos de Tomate,,,,,,Tomates Deshidratados,Escobas,,,,,,,,,Pelotas de Juguete,
Farfalles,,,,,,Uvas,Escobas y Escobillones,,,,,,,,,Pelotas de Ping Pong,
Fetuccinis,,,,,,Verduras Cocidas,Escobillas,,,,,,,,,Pelotas de Tenis,
Fideo de Arroz,,,,,,Zanahorias,Escritorios,,,,,,,,,Pelotas de Voleibol,
Fideos,,,,,,Zapallos,Escurridores,,,,,,,,,Pesas Rusas,
Fideos al Huevo,,,,,,Zapallos Anco,Escurridores de Platos,,,,,,,,,Piletas Pelopincho,
Fideos Coditos,,,,,,,Especieros,,,,,,,,,Pinchos y Pinzas,
Fideos de Arroz,,,,,,,Espejos,,,,,,,,,Piscinas,
Fideos de Colores,,,,,,,Espejos Decorativos,,,,,,,,,Pizarras,
Fideos de Letras,,,,,,,Esponjas,,,,,,,,,Plastilinas y Masas,
Fideos de Sémola,,,,,,,Espumaderas,,,,,,,,,Portadocumentos,
Fideos Dedalitos,,,,,,,Espátulas,,,,,,,,,Productos para Jardín,
Fideos Instantáneos,,,,,,,Espátulas para Cocina,,,,,,,,,Protectores Bucales,
Fideos Integrales,,,,,,,Estantes,,,,,,,,,Pulverizadores,
Fideos Linguinis,,,,,,,Estopas,,,,,,,,,Raquetas de Padle,
Fideos Nidos,,,,,,,Exprimidores,,,,,,,,,Regaderas,
Fideos Penne,,,,,,,Faroles,,,,,,,,,Reglas,
Fideos Tirabuzón,,,,,,,Felpudos,,,,,,,,,Repasadores de Cocina,
Flanes,,,,,,,Figuras Decorativas,,,,,,,,,Repuesto de Hojas,
Frijoles,,,,,,,Film Adherente,,,,,,,,,Resaltadores,
Fruta Deshidratada,,,,,,,Filtros de Papel,,,,,,,,,Resma de Hojas,
Frutos del Bosque,,,,,,,Floreros,,,,,,,,,Rueda Abdominal,
Fusillis,,,,,,,Flores Artificiales,,,,,,,,,Sacapuntas,
Galletas con Chispas de Chocolate,,,,,,,Foil de aluminio,,,,,,,,,Sahumerios,
Galletas de Agua,,,,,,,Frascos,,,,,,,,,Semillas,
Galletas de Arroz,,,,,,,Frazadas,,,,,,,,,Separadores de Carpetas,
Galletas de Avena,,,,,,,Fuentes,,,,,,,,,Separadores de Materias,
Galletas de Chocolate,,,,,,,Fundas,,,,,,,,,Set de Valijas,
Galletas de Granola,,,,,,,Fundas de Almohada,,,,,,,,,Set Parrilleros,
Galletas Integrales,,,,,,,Fundas para Lavadora,,,,,,,,,Sillones,
Galletas Oblea,,,,,,,Fundas Tablas de Planchar,,,,,,,,,Sobres,
Galletas Rellenas y Bañadas,,,,,,,Gancho para Cortina de baño,,,,,,,,,Sombrillas,
Galletas Salvado,,,,,,,Ganchos de Colgar,,,,,,,,,Stickers,
Galletas Secas,,,,,,,Ganchos de Cortina,,,,,,,,,Suplementos Alimenticios,
Galletas sin Gluten,,,,,,,Ganchos para Colgar,,,,,,,,,Sustrato,
Galletas Sin Sal,,,,,,,Gel de Limpieza,,,,,,,,,Tablas,
Galletas Surtidas,,,,,,,Globos,,,,,,,,,Tazones,
Galletitas,,,,,,,Gorros,,,,,,,,,Tierra y Sustratos,
Galletitas de Agua,,,,,,,Guantes,,,,,,,,,Tijera,
Galletitas de Cereales,,,,,,,Guirnaldas de Luces,,,,,,,,,Tijeras,
Galletitas Saladas,,,,,,,Herméticos,,,,,,,,,Tijeras de Podar,
Galletitas Salados,,,,,,,Hieleras,,,,,,,,,Tijeras Multiuso,
Galletitas Snacks,,,,,,,Hilos de Polipropileno,,,,,,,,,Tobilleras,
Garbanzos,,,,,,,Individuales,,,,,,,,,Transportadores,
Gelatina,,,,,,,Infladores de Neumáticos,,,,,,,,,Turba,
Gelatinas,,,,,,,Jaboneras,,,,,,,,,Témperas,
Golosinas,,,,,,,Jaboneras para Baño,,,,,,,,,Utensilios de cocina,
Gomitas,,,,,,,Jarras,,,,,,,,,Valijas,
Granola,,,,,,,Jarrones,,,,,,,,,Valijas Carry-On,
Granolas,,,,,,,Jarros,,,,,,,,,Valijas Grandes,
Grisines,,,,,,,Jeans,,,,,,,,,Valijas Medianas,
Grisines y Palitos,,,,,,,Juego de comedor,,,,,,,,,Velas Aromáticas,
Guisos,,,,,,,Juego de Cubiertos,,,,,,,,,Vendas,
Guisos de Lentejas,,,,,,,Juego de Tazas,,,,,,,,,,
Harina de Algarroba,,,,,,,Juego de Vasos,,,,,,,,,,
Harina de Almendras,,,,,,,Juegos de Sábanas,,,,,,,,,,
Harina de Arroz,,,,,,,Kits de Seguridad Autos,,,,,,,,,,
Harina de Maíz,,,,,,,Kits Limpieza de Autos,,,,,,,,,,
Harina de Quinoa,,,,,,,Latas Yerberas,,,,,,,,,,
Harina de Trigo,,,,,,,Limpia Inyectores y Motores,,,,,,,,,,
Harina Especial,,,,,,,Limpia Tapizados Autos,,,,,,,,,,
Harina Integral,,,,,,,Limpiadores de Metales,,,,,,,,,,
Harina Leudante,,,,,,,Limpiadores de Vidrios,,,,,,,,,,
Helados,,,,,,,Limpiaparabrisas,,,,,,,,,,
Higos,,,,,,,Linternas,,,,,,,,,,
Higos en Almíbar,,,,,,,Llaves Crique,,,,,,,,,,
Huevos de Chocolate,,,,,,,Lubricantes,,,,,,,,,,
Huevos de Pascua,,,,,,,Luces de Emergencia,,,,,,,,,,
Hummus,,,,,,,Macetas,,,,,,,,,,
Humus,,,,,,,Manoplas,,,,,,,,,,
Insecticidas,,,,,,,Mantas,,,,,,,,,,
Jalapeños,,,,,,,Manteles,,,,,,,,,,
Jardineras,,,,,,,Manteles De Mesa,,,,,,,,,,
Jugos Concentrados,,,,,,,Matafuegos,,,,,,,,,,
Jugos de Limón,,,,,,,Materas,,,,,,,,,,
Ketchup,,,,,,,Mates,,,,,,,,,,
Lasañas,,,,,,,Medias,,,,,,,,,,
Laureles,,,,,,,Medias Cañas,,,,,,,,,,
Leche Condensada,,,,,,,Medias Escolares,,,,,,,,,,
Leche de Coco,,,,,,,Medias Fantasía,,,,,,,,,,
Leche en Polvo,,,,,,,Medias Infantil,,,,,,,,,,
Leches Descremadas,,,,,,,Medias Invisibles,,,,,,,,,,
Leches en Polvo,,,,,,,Mesas de Centro,,,,,,,,,,
Leches Entera,,,,,,,Mesas de comedor,,,,,,,,,,
Leches Infantiles,,,,,,,Mesas de Luz,,,,,,,,,,
Lentejas,,,,,,,Modulares,,,,,,,,,,
Limpiadores de Inodoros,,,,,,,Moldes,,,,,,,,,,
Limpiadores de Pisos,,,,,,,Molinillos,,,,,,,,,,
Magdalenas,,,,,,,Morteros,,,,,,,,,,
Maltas,,,,,,,Muebles de Cocina,,,,,,,,,,
Mandiocas,,,,,,,Mugs,,,,,,,,,,
Mantecas,,,,,,,Musculosas,,,,,,,,,,
Mantequilla de Maní,,,,,,,Módulos,,,,,,,,,,
Maní con Chocolate,,,,,,,Ojotas,,,,,,,,,,
Maní Pelado,,,,,,,Ollas,,,,,,,,,,
Maní Saborizado,,,,,,,Organizador de Zapatos,,,,,,,,,,
Maní Salado,,,,,,,Organizadores,,,,,,,,,,
Maní Sin Sal,,,,,,,Organizadores de Cocina,,,,,,,,,,
Maní Tostado,,,,,,,Organizadores Multipropósito,,,,,,,,,,
Mate,,,,,,,Palas,,,,,,,,,,
Mates,,,,,,,Paneras,,,,,,,,,,
Mayonesas,,,,,,,Panquequeras,,,,,,,,,,
Maíz Pelado,,,,,,,Pantalones,,,,,,,,,,
Maíz Pisado,,,,,,,Pantuflas,,,,,,,,,,
Maíz Pisingallo,,,,,,,Papeles Aluminio,,,,,,,,,,
Mejillones,,,,,,,Papeles Film,,,,,,,,,,
Merluzas,,,,,,,Paraguas,,,,,,,,,,
Mermeladas,,,,,,,Parasol,,,,,,,,,,
Miel,,,,,,,Parasoles Autos,,,,,,,,,,
Mix de Especias,,,,,,,Parlantes,,,,,,,,,,
Mix de Frutos Secos,,,,,,,Pavas,,,,,,,,,,
Molinillos,,,,,,,Paños de Limpieza,,,,,,,,,,
Morrones,,,,,,,Paños de Microfibra,,,,,,,,,,
Mostacholes,,,,,,,Paños Multiusos,,,,,,,,,,
Mostazas,,,,,,,Peladores,,,,,,,,,,
Mousses,,,,,,,Perchas,,,,,,,,,,
Multicereal para Bebés,,,,,,,Perfumes para Auto,,,,,,,,,,
Nachos,,,,,,,Pijamas,,,,,,,,,,
Nuez Moscada,,,,,,,Pilas,,,,,,,,,,
Obleas,,,,,,,Pilusos,,,,,,,,,,
Oréganos,,,,,,,Pisa Papas,,,,,,,,,,
Pack de Fideos,,,,,,,Pisos Plegables,,,,,,,,,,
Palitos Salados,,,,,,,Pistola Encoladora,,,,,,,,,,
Palmeritas,,,,,,,Pistolas Aplicadoras,,,,,,,,,,
Palmitos,,,,,,,Pizzeras,,,,,,,,,,
Pan Alemán,,,,,,,Placas,,,,,,,,,,
Pan Criollo,,,,,,,Plafones,,,,,,,,,,
Pan de Campo,,,,,,,Plafones Led,,,,,,,,,,
Pan de Centeno,,,,,,,Plantas Artificiales,,,,,,,,,,
Pan de Hamburguesa,,,,,,,Platos,,,,,,,,,,
Pan de Hamburguesas,,,,,,,Platos Descartables,,,,,,,,,,
Pan de Molde,,,,,,,Platos Hondos,,,,,,,,,,
Pan de Pancho,,,,,,,Platos Infantiles,,,,,,,,,,
Pan de Salvado,,,,,,,Platos para Postre,,,,,,,,,,
Pan de Semillas,,,,,,,Polleras,,,,,,,,,,
Pan Dulce,,,,,,,Polleras Escolares,,,,,,,,,,
Pan Francés,,,,,,,Porta Bolsas,,,,,,,,,,
Pan Hamburguesa,,,,,,,Porta Cepillos,,,,,,,,,,
Pan Integral,,,,,,,Porta Velas,,,,,,,,,,
Pan Lactal,,,,,,,PortaCepillos,,,,,,,,,,
Pan Pebete,,,,,,,Portaretratos,,,,,,,,,,
Pan Rallado,,,,,,,Precintos y Cintas,,,,,,,,,,
Pancitos Saborizados,,,,,,,Protectores de Cama,,,,,,,,,,
Papas Fritas,,,,,,,Provoleteras,,,,,,,,,,
Pasta de Avellana,,,,,,,Proyectores,,,,,,,,,,
Pasta de Maní,,,,,,,Racks TV,,,,,,,,,,
Pasta de Relleno,,,,,,,Ralladores,,,,,,,,,,
Pastas de Berenjena,,,,,,,Ranitas,,,,,,,,,,
Pastillas de Menta,,,,,,,Rebozadores,,,,,,,,,,
Pastillas para Inodoros,,,,,,,Reflectores Led,,,,,,,,,,
Paté,,,,,,,Rejilla para Ducha,,,,,,,,,,
Perejil,,,,,,,Rejillas,,,,,,,,,,
Pestos,,,,,,,Relojes,,,,,,,,,,
Picadillos,,,,,,,Remeras,,,,,,,,,,
Pimentones,,,,,,,Renovadores Plásticos y Neumáticos,,,,,,,,,,
Pimientas,,,,,,,Repasadores de Cocina,,,,,,,,,,
Pimientos,,,,,,,Repuestos para Cocina,,,,,,,,,,
Piononos,,,,,,,Repuestos para Difusores,,,,,,,,,,
Plastilinas y Masas,,,,,,,Revolvedores Descartables,,,,,,,,,,
Pochoclos,,,,,,,Rociadores,,,,,,,,,,
Polenta,,,,,,,Sacacorchos,,,,,,,,,,
Polvorones,,,,,,,Sahumerios,,,,,,,,,,
Polvos de Hornear,,,,,,,Sandalias,,,,,,,,,,
Porotos,,,,,,,Sartenes,,,,,,,,,,
Postres,,,,,,,Shampoos,,,,,,,,,,
Premezclas,,,,,,,Shampoos para Autos,,,,,,,,,,
Provenzales,,,,,,,Shorts,,,,,,,,,,
Pulpas de Fruta,,,,,,,Siliconas para Autos,,,,,,,,,,
Pulpas de Tomate,,,,,,,Sillas,,,,,,,,,,
Pulpos,,,,,,,Sillas Colgantes,,,,,,,,,,
Pure de Frutas,,,,,,,Sillas de Escritorio,,,,,,,,,,
Pure de Manzana,,,,,,,Sillas de Jardín,,,,,,,,,,
Pure de Peras,,,,,,,Slips,,,,,,,,,,
Puré de Manzanas,,,,,,,Sogas,,,,,,,,,,
Puré de Papas,,,,,,,Soquete,,,,,,,,,,
Puré de Tomate,,,,,,,Soquetes,,,,,,,,,,
Puré de Zapallo,,,,,,,Sorbetes,,,,,,,,,,
Queso Rallado,,,,,,,Soutien,,,,,,,,,,
Quesos Rallado,,,,,,,Sweaters y Chalecos,,,,,,,,,,
Quinotos,,,,,,,Sábanas,,,,,,,,,,
Rebozadores,,,,,,,Tablas,,,,,,,,,,
Remolachas,,,,,,,Tablas de Planchar,,,,,,,,,,
Rigattonis,,,,,,,Tacos Cuchillos,,,,,,,,,,
Risottos,,,,,,,Tangas y Culottes,,,,,,,,,,
Romeros,,,,,,,Tapados,,,,,,,,,,
Saborizantes,,,,,,,Tarteras,,,,,,,,,,
Sal Condimentada,,,,,,,Tazas,,,,,,,,,,
Sal Entrefina,,,,,,,Tazones,,,,,,,,,,
Sal Fina,,,,,,,Tendederos de Ropa,,,,,,,,,,
Sal Gruesa,,,,,,,Tenedores,,,,,,,,,,
Sal Light,,,,,,,Termos Mate,,,,,,,,,,
Salmón,,,,,,,Termos para Agua,,,,,,,,,,
Salsa de Carne,,,,,,,Toallas de Baño,,,,,,,,,,
Salsa de Queso,,,,,,,Toallas de Mano,,,,,,,,,,
Salsa de Soja,,,,,,,Toallas de Playa,,,,,,,,,,
Salsas,,,,,,,Toallas de Visita,,,,,,,,,,
Salsas Agridulces,,,,,,,Toallones,,,,,,,,,,
Salsas BBQ,,,,,,,Tomas Corriente,,,,,,,,,,
Salsas Blancas y Especiales,,,,,,,Topes,,,,,,,,,,
Salsas César,,,,,,,Tops,,,,,,,,,,
Salsas de Ajo,,,,,,,Tornillos Parker,,,,,,,,,,
Salsas de Ají,,,,,,,Torteras,,,,,,,,,,
Salsas de Arándanos,,,,,,,Tostadores,,,,,,,,,,
Salsas de Barbacoa,,,,,,,Trajes de Baño,,,,,,,,,,
Salsas de Caramelo,,,,,,,Trusas,,,,,,,,,,
Salsas de Chimichurri,,,,,,,Ténder de Ropa,,,,,,,,,,
Salsas de Chipotle,,,,,,,Utensilios de Cocina,,,,,,,,,,
Salsas de Chocolate,,,,,,,Vajillas,,,,,,,,,,
Salsas de Frutilla,,,,,,,Vasos,,,,,,,,,,
Salsas de Jalapeño,,,,,,,Vasos Descartables,,,,,,,,,,
Salsas de Repostería,,,,,,,Vasos Térmicos,,,,,,,,,,
Salsas de Soja,,,,,,,Vedetina,,,,,,,,,,
Salsas de Tomate,,,,,,,Vedetinas,,,,,,,,,,
Salsas Golf,,,,,,,Velas,,,,,,,,,,
Salsas Inglesa,,,,,,,Velas Aromáticas,,,,,,,,,,
Salsas Pesto,,,,,,,Velas de Cumpleaños,,,,,,,,,,
Salsas Picantes,,,,,,,Velas Decorativas,,,,,,,,,,
Salsas Szechuan,,,,,,,Velas Tea Light,,,,,,,,,,
Salsas Teriyaki,,,,,,,Vertederos,,,,,,,,,,
Salsas Thai,,,,,,,Vertedores,,,,,,,,,,
Salvias,,,,,,,Vestidos,,,,,,,,,,
Sardinas,,,,,,,Vinagretas,,,,,,,,,,
Scones,,,,,,,Woks,,,,,,,,,,
Semillas,,,,,,,Zapatillas,,,,,,,,,,
Semillas de Chia,,,,,,,,,,,,,,,,,
Semillas de Lino,,,,,,,,,,,,,,,,,
Semillas de Sésamo,,,,,,,,,,,,,,,,,
Set de Aderezos,,,,,,,,,,,,,,,,,
Snacks de Arros,,,,,,,,,,,,,,,,,
Snacks Dulces,,,,,,,,,,,,,,,,,
Snacks Salados,,,,,,,,,,,,,,,,,
Snacks Vegetales,,,,,,,,,,,,,,,,,
Sojas,,,,,,,,,,,,,,,,,
Sopas Instantáneas,,,,,,,,,,,,,,,,,
Spaghettis,,,,,,,,,,,,,,,,,
Surtido de Mariscos,,,,,,,,,,,,,,,,,
Sémolas,,,,,,,,,,,,,,,,,
Tagliatelles,,,,,,,,,,,,,,,,,
Tarteletas,,,,,,,,,,,,,,,,,
Te,,,,,,,,,,,,,,,,,
Termos Mate,,,,,,,,,,,,,,,,,
Tomates,,,,,,,,,,,,,,,,,
Tomillos,,,,,,,,,,,,,,,,,
Tortas,,,,,,,,,,,,,,,,,
Tortellinis,,,,,,,,,,,,,,,,,
Tortillas,,,,,,,,,,,,,,,,,
Tostadas,,,,,,,,,,,,,,,,,
Trigo Burgol,,,,,,,,,,,,,,,,,
Trigo Pelado,,,,,,,,,,,,,,,,,
Turrones,,,,,,,,,,,,,,,,,
Té Chai,,,,,,,,,,,,,,,,,
Té de Manzanilla,,,,,,,,,,,,,,,,,
Té Hierbas,,,,,,,,,,,,,,,,,
Té Negro,,,,,,,,,,,,,,,,,
Té Rojo,,,,,,,,,,,,,,,,,
Té Saborizados,,,,,,,,,,,,,,,,,
Té Verde,,,,,,,,,,,,,,,,,
Vainillas,,,,,,,,,,,,,,,,,
Vinagres Balsámico,,,,,,,,,,,,,,,,,
Vinagres de Alcohol,,,,,,,,,,,,,,,,,
Vinagres De Arroz,,,,,,,,,,,,,,,,,
Vinagres de Manzana,,,,,,,,,,,,,,,,,
Vinagretas,,,,,,,,,,,,,,,,,
Waffers,,,,,,,,,,,,,,,,,
Yerba Mate,,,,,,,,,,,,,,,,,
Zapallos,,,,,,,,,,,,,,,,,
Ñoquis,,,,,,,,,,,,,,,,,
