Categoría,Sub-Categoría,Contenido,Envase,Formato,Marca,Sabor,Tipo de Producto,Variedad
Aceites y Vinagres,Aceites Comunes,1 kg,Bolsa,Crema,123listo!,Arándanos,Aceites,Al Huevo
Aderezos,Aceites Especiales,120 g,Botella,Cápsula,1854,Berries,Aceites de Coco,Chocolate
Arroz y Legumbres,Acetos,200 g,Botella de Plástico,Cápsulas,3D´S,cebolla,Aceites de Girasol,Clásica
"Caldos, Sopas, Puré y Bolsas para Horno",Alfajores,250 g - 500 g,Botella de Vidrio,Envasado,9 DE ORO,Cereza,Aceites de Maíz,Común
Conservas,Arroz,350 g,Brik,Grano,ACAPULCO,Chocolate,Aceites de Oliva,Con Polvo de Hornear
Desayuno y Merienda,Arroz Listos,360 g,Caja,Molido,AFTER EIGHT,Ciruela,Aceites Mezclas,Dulces
Golosinas y Chocolates,Avenas y Sémolas,500 g,Caja de Cartón,Polvo,AGLU,Coco,Acetos Balsámicos,Frambuesa
Harinas,Azúcar y Edulcorantes,540 g,Doy Pack,Saquito,AGUILA,Damasco,Ajos,Frutas Confitadas
Libre de Gluten,"Bizcochuelos, Brownies y Tortas",600 g,Frasco,Tableta,ALCAZAR,Dulce De Leche,Ají,Frutilla
Mesa Dulce Navideña,"Bizcochuelos, Budines y Magdalenas",Mayor a 1 kg,Lata,Torrado,ALCO,Durazno,Ají Molido,Integral
Panificados,Bocaditos y Postres,,Paquete,,ALELUYA,Frambuesa,Albahacas,Light
Para Preparar,Bombones,,Pet,,Alfa Pampa,Fruta,Alcaparras,Limón
Pastas Secas y Salsas,Cacao y Saborizantes,,Plástico,,ALICANTE,Frutilla,Alcauciles,Naranja
"Sal, Pimienta y Especias",Cafés,,Pote,,ALMADRE,Frutos del Bosque,Alfajores,Premium
Snacks,Caldos,,Sachet,,ALPINO,Frutos Rojos,Alfajores Blancos,Saborizado
,Caramelos y Chicles,,Sobre,,ALWA,Higo,Alfajores de Arroz,Sin Polvo de Hornear
,Cereales,,,,AMANDA,jalapeño,Alfajores De Coco Y Dulce De Leche,Tradicional
,Chocolates,,,,AMOR,Limón,Alfajores de Maicena,Vainilla
,Comidas,,,,Ancestral,Marmolado,Alfajores Frutados,
,Conservas de Carne,,,,ANILLOS,Mosqueta,Alfajores Negros,
,Conservas de Frutas,,,,ARBANIT,Naranja,Alfajores Simples,
,Conservas de Pescado,,,,ARCOR,original,Alfajores Surtidos,
,Conservas de Verduras y Legumbres,,,,ARGENTITAS,Sauco,Alfajores Triples,
,Especias,,,,ARLISTAN,tomate y romero,Alimentos de Masa Madre,
,Flanes,,,,ARMANDO,Vainilla,Almendras,
,Frutas Secas y Disecadas,,,,ARMONIA,,Almidón de Maíz,
,Galletitas Dulces,,,,ARROCITAS,,Anafes,
,Galletitas Saladas,,,,ARROZEN,,Ananás,
,Gelatinas,,,,ARTESANO,,Anchoas,
,Harinas,,,,ARYTZA,,Anís,
,Helados,,,,BABY DOLL,,Arepas,
,Integral y Salvado,,,,BACI,,Aromatizadores,
,Jugos de Limón,,,,BADIA,,Arroz Doble,
,Ketchup,,,,BAGLEY,,Arroz Especial,
,Lacteados,,,,BAGLEY NEGRO,,Arroz Grano Largo,
,Leches,,,,BAMBOO,,Arroz Integral,
,Legumbres,,,,BAMMI,,Arroz Preparado,
,Maní,,,,BANANITA DOLCA,,Arvejas,
,Mayonesas,,,,BARILLA,,Arándanos,
,Mermeladas y Jaleas,,,,BARRITAS,,Atún al Natural,
,Mostazas,,,,BAUDUCCO,,Atún Desmenuzado,
,Mousse,,,,BAY BISCUIT,,Atún en Aceite,
,Nachos,,,,BC,,Ave María,
,Otros Condimentos,,,,BEEPURE,,Avenas,
,Palitos de Maíz,,,,BELDENT,,Azafranes,
,Palitos Salados,,,,BIG BEN,,Azúcar Común,
,Pan Para Hamburguesas y Panchos,,,,BIGGYS,,Azúcar Impalpable,
,Pan Rallado y Rebozador,,,,BILLIKEN,,Azúcar Molida,
,Papas Fritas,,,,BIMBO,,Azúcar Rubia,
,Pastas Listas,,,,BINFINIT,,Bacalaos,
,Pastas Secas Guiseras,,,,BIO,,Barbacoas,
,Pastas Secas Largas,,,,BIS,,Barras de Arroz,
,Pastelería,,,,BIZNIKKE,,Barras de Avellana,
,Piononos,,,,BLANCAFLOR,,Barras de Cereal,
,Pochoclos,,,,BLOCK,,Barras de Chocolate,
,Postres,,,,BLUE PATNA,,Batatas,
,Puré,,,,BOCA DE DAMA,,Bebidas a Base de Hierbas,
,Sal,,,,BOCATTI,,Berberechos,
,Salsas,,,,BON BON,,Bicarbonato de Sodio,
,Salsas Frías,,,,BON O BON,,Biscuits,
,Salsas Golf,,,,BONAFIDE,,Bizcochos,
,Snacks,,,,BONALMA,,Bizcochuelos,
,Sopas,,,,BONDUELLE,,Bocaditos,
,Tostadas y Grisines,,,,BONNE MAMAN,,Bolitas de Chocolate,
,Turrones y Grageas,,,,BOX,,Bolsas para Horno,
,Tés,,,,BRENNAN´S,,Bombones,
,Vinagres,,,,BRETS,,Bombones Surtidos,
,Yerbas,,,,BREVISS,,Brownies,
,,,,,BRIA,,Budines,
,,,,,Buenas y Santas,,Caballas,
,,,,,CABRALES,,Cabellos de Ángel,
,,,,,CACHAFAZ,,Cacao en Polvo,
,,,,,CACHAMAI,,Café,
,,,,,CACHAMATE,,Café Descafeinado,
,,,,,CADA DIA,,Café en Grano,
,,,,,CADBURY,,Café Molido,
,,,,,CALILEGUA,,Cafés,
,,,,,CALNORT,,Calamares,
,,,,,CAMPO D 'ORO,,Caldos de Albahaca,
,,,,,CANARIAS,,Caldos de Carne,
,,,,,CARACAS,,Caldos de Cebolla,
,,,,,CARILÓ,,Caldos de Champiñón,
,,,,,CASALTA,,Caldos de Finas Hierbas,
,,,,,CASERITA,,Caldos de Gallina,
,,,,,CAVENDISH & HARVEY,,Caldos de Pescado,
,,,,,CAÑUELAS,,Caldos de Queso,
,,,,,CBSE,,Caldos de Verduras,
,,,,,CELUSAL,,Canelas,
,,,,,CEPERA,,Capelettinis,
,,,,,CEREAL MIX,,Caracoles,
,,,,,CEREALITAS,,Caramelos Duros,
,,,,,CHAMIGO,,Caramelos Masticables,
,,,,,CHANGO,,Castañas de Cajú,
,,,,,CHEETOS,,Cebadas,
,,,,,CHEF,,Cebollas,
,,,,,CHIA GRAAL,,Cebollas Deshidratadas,
,,,,,CHIPPIS,,Ceras para Pisos,
,,,,,CHOCOARROZ,,Cereal de Arroz,
,,,,,CHOCOLATE COLONIAL,,Cereales de Arroz,
,,,,,CHOCOLINAS,,Cereales de Avena,
,,,,,CHOCOLINO,,Cereales de Trigo,
,,,,,CHUKER,,Cereales Saborizados,
,,,,,Ciao,,Champiñones,
,,,,,CLOVIS,,Chicles,
,,,,,CLUB SOCIAL,,Choclos,
,,,,,COCINERO,,Chocolates,
,,,,,COFFEE-MATE,,Choritos,
,,,,,COFLER,,Chupetines,
,,,,,COLAVITA,,Chutney,
,,,,,COQUITAS,,Claras de Huevo,
,,,,,CORMILLOT,,Coco Rallado,
,,,,,CORNY,,Cominos,
,,,,,CRACKINES,,Condimentos,
,,,,,CRIOLLITAS,,Confites,
,,,,,Crisppino,,Copos de Maíz,
,,,,,CRISTO DE LOS CERROS,,Couscous,
,,,,,CROPPERS,,Cremas de Almendras,
,,,,,CROWIE,,Cremas de Avellana,
,,,,,CRUZ DE MALTA,,Cremas de Avellanas,
,,,,,CRUZEIRO,,Cremas de Pistachos,
,,,,,CUISINE & CO,,Cremas en Polvo,
,,,,,CUISINE & CO PREMIUM,,Cremas Instantáneas,
,,,,,D'FIESTA,,Curry,
,,,,,DALE,,Cápsulas de Café,
,,,,,DANICA,,Desinfectantes,
,,,,,DE CECCO,,Dulces de Arándano,
,,,,,DEC,,Dulces de Cereza,
,,,,,DELVERDE,,Dulces de Durazno,
,,,,,DICOMERE,,Dulces de Frambuesa,
,,,,,DIVERSION,,Dulces de Frutilla,
,,,,,DOLCA,,Dulces de Frutos Rojos,
,,,,,DOLCE GUSTO,,Duraznos,
,,,,,DON FELIPE,,Edulcorantes Comprimidos,
,,,,,DON PANCHO,,Edulcorantes en Polvo,
,,,,,DON SATUR,,Edulcorantes Líquidos,
,,,,,DON VICENTE,,Ensaladas de Atún,
,,,,,DORITOS,,Esencias Comestibles,
,,,,,DOS ANCLAS,,Especias Comestibles,
,,,,,DOS EN UNO,,Espinacas,
,,,,,DOS HERMANOS,,Extractos de Tomate,
,,,,,DOÑA NOLY,,Farfalles,
,,,,,DRF,,Fetuccinis,
,,,,,DROGHERIA,,Fideo de Arroz,
,,,,,DROGHERIA ALIMENTARI,,Fideos,
,,,,,DULCOR,,Fideos al Huevo,
,,,,,DUQUESA,,Fideos Coditos,
,,,,,EGRAN,,Fideos de Arroz,
,,,,,EL BROCAL,,Fideos de Colores,
,,,,,EL POCILLO,,Fideos de Letras,
,,,,,EL TRIGAL,,Fideos de Sémola,
,,,,,ELABORACION PROPIA,,Fideos Dedalitos,
,,,,,ENTRE DOS,,Fideos Instantáneos,
,,,,,ENTRENUTS,,Fideos Integrales,
,,,,,EQUALSWEET,,Fideos Linguinis,
,,,,,ESTANCIA EL ROSARIO,,Fideos Nidos,
,,,,,EXQUISITA,,Fideos Penne,
,,,,,FACHITAS,,Fideos Tirabuzón,
,,,,,FAMILIA ZUCCARDI,,Flanes,
,,,,,FANTOCHE,,Frijoles,
,,,,,FARGO,,Fruta Deshidratada,
,,,,,FAVINCO,,Frutos del Bosque,
,,,,,FAVORITA,,Fusillis,
,,,,,FERRERO,,Galletas con Chispas de Chocolate,
,,,,,FIRENZE,,Galletas de Agua,
,,,,,FIT BEANS,,Galletas de Arroz,
,,,,,FLOW,,Galletas de Avena,
,,,,,FLYNN PAFF,,Galletas de Chocolate,
,,,,,FORMIS,,Galletas de Granola,
,,,,,FRAGATA,,Galletas Integrales,
,,,,,FRAMS,,Galletas Oblea,
,,,,,FRANCESCA,,Galletas Rellenas y Bañadas,
,,,,,FRESH,,Galletas Salvado,
,,,,,FRONTERA,,Galletas Secas,
,,,,,FROOT LOOPS,,Galletas sin Gluten,
,,,,,FRUCH,,Galletas Sin Sal,
,,,,,FRUTAS DEL SUR,,Galletas Surtidas,
,,,,,FRUTIGRAN,,Galletitas,
,,,,,FRUTTY,,Galletitas de Agua,
,,,,,FULLMINT,,Galletitas de Cereales,
,,,,,FUN POP,,Galletitas Saladas,
,,,,,G POP,,Galletitas Salados,
,,,,,GALAK,,Galletitas Snacks,
,,,,,GALLO,,Garbanzos,
,,,,,GAONA,,Gelatina,
,,,,,GAROFALO,,Gelatinas,
,,,,,GAROTO,,Golosinas,
,,,,,GAVAR,,Gomitas,
,,,,,GENSER,,Granola,
,,,,,GENTLEMAN,,Granolas,
,,,,,GEORGALOS,,Grisines,
,,,,,GIACOMO,,Grisines y Palitos,
,,,,,GIMOKA,,Guisos,
,,,,,GO NATURAL,,Guisos de Lentejas,
,,,,,GOD BLESS YOU,,Harina de Algarroba,
,,,,,GODET,,Harina de Almendras,
,,,,,GOLD,,Harina de Arroz,
,,,,,GOLD MUNDO,,Harina de Maíz,
,,,,,GOMES DA COSTA,,Harina de Quinoa,
,,,,,GOYA,,Harina de Trigo,
,,,,,GRANAGUA,,Harina Especial,
,,,,,GRANDIET,,Harina Integral,
,,,,,GRANERO,,Harina Leudante,
,,,,,GRANIX,,Helados,
,,,,,Granovita,,Higos,
,,,,,GREEN CROPS,,Higos en Almíbar,
,,,,,GREEN HILLS,,Huevos de Chocolate,
,,,,,GUAYMALLEN,,Huevos de Pascua,
,,,,,HALL´S,,Hummus,
,,,,,HAMLET,,Humus,
,,,,,HANK'S,,Insecticidas,
,,,,,happy food,,Jalapeños,
,,,,,HARIBO,,Jardineras,
,,,,,HASHI,,Jugos Concentrados,
,,,,,HAVANNA,,Jugos de Limón,
,,,,,HEINZ,,Ketchup,
,,,,,HELLMANN´S,,Lasañas,
,,,,,HERDEZ,,Laureles,
,,,,,HERR?S,,Leche Condensada,
,,,,,HERSHEYS,,Leche de Coco,
,,,,,HIERBAS & ESPECIAS 1854,,Leche en Polvo,
,,,,,HILERET,,Leches Descremadas,
,,,,,HOGAREÑAS,,Leches en Polvo,
,,,,,ICE BREAKERS,,Leches Entera,
,,,,,ILLY,,Leches Infantiles,
,,,,,INALPA,,Lentejas,
,,,,,INDO DELI,,Limpiadores de Inodoros,
,,,,,INTEGRA,,Limpiadores de Pisos,
,,,,,INTI ZEN,,Magdalenas,
,,,,,JACOBS,,Maltas,
,,,,,JORGITO,,Mandiocas,
,,,,,JUAN VALDEZ,,Mantecas,
,,,,,JULES DESTROOPER,,Mantequilla de Maní,
,,,,,JULIANA LOPEZ MAY,,Maní con Chocolate,
,,,,,JULICROC,,Maní Pelado,
,,,,,JUMBO,,Maní Saborizado,
,,,,,JUMBO ARTESANAL,,Maní Salado,
,,,,,KALMA,,Maní Sin Sal,
,,,,,KAMAR,,Maní Tostado,
,,,,,KANSAS,,Mate,
,,,,,KAPAC,,Mates,
,,,,,KARINA,,Mayonesas,
,,,,,KELLOGG´S,,Maíz Pelado,
,,,,,KENKO,,Maíz Pisado,
,,,,,KESITAS,,Maíz Pisingallo,
,,,,,KINDER,,Mejillones,
,,,,,KING,,Merluzas,
,,,,,KIT E KAT,,Mermeladas,
,,,,,KNORR,,Miel,
,,,,,KRACH-ITOS,,Mix de Especias,
,,,,,KRAFT,,Mix de Frutos Secos,
,,,,,KUKINA,,Molinillos,
,,,,,LA CAMPAGNOLA,,Morrones,
,,,,,LA COSTEÑA,,Mostacholes,
,,,,,LA ESPAÑOLA,,Mostazas,
,,,,,LA ESPAÑOLA GOURMET,,Mousses,
,,,,,LA GIOCONDA,,Multicereal para Bebés,
,,,,,LA LECHERA,,Nachos,
,,,,,LA MAISON GAUFRE,,Nuez Moscada,
,,,,,LA MERCED,,Obleas,
,,,,,LA MOLISANA,,Oréganos,
,,,,,LA MORENITA,,Pack de Fideos,
,,,,,LA PARMESANA,,Palitos Salados,
,,,,,LA PERLA,,Palmeritas,
,,,,,LA PLANTA DE CAFÉ,,Palmitos,
,,,,,La Providencia,,Pan Alemán,
,,,,,LA SERENISIMA,,Pan Criollo,
,,,,,LA TOSCANA,,Pan de Campo,
,,,,,LA TRANQUERA,,Pan de Centeno,
,,,,,LA VIEJA FABRICA,,Pan de Hamburguesa,
,,,,,LA VIRGINIA,,Pan de Hamburguesas,
,,,,,LACTAL,,Pan de Molde,
,,,,,LADDU BAR,,Pan de Pancho,
,,,,,LAS BRISAS,,Pan de Salvado,
,,,,,LASFOR,,Pan de Semillas,
,,,,,LAUR,,Pan Dulce,
,,,,,LAVAZZA,,Pan Francés,
,,,,,LAY´S,,Pan Hamburguesa,
,,,,,LE-FIT,,Pan Integral,
,,,,,LEDESMA,,Pan Lactal,
,,,,,LEE KUM KEE,,Pan Pebete,
,,,,,LEGITIMO,,Pan Rallado,
,,,,,LEIVA,,Pancitos Saborizados,
,,,,,LENGUETAZO,,Papas Fritas,
,,,,,LHERITIER,,Pasta de Avellana,
,,,,,LIBERATO,,Pasta de Maní,
,,,,,LIEBIG,,Pasta de Relleno,
,,,,,LINCOLN,,Pastas de Berenjena,
,,,,,LINDT,,Pastillas de Menta,
,,,,,LIPTON,,Pastillas para Inodoros,
,,,,,LIRA,,Paté,
,,,,,LITORAL,,Perejil,
,,,,,LIVIAN,,Pestos,
,,,,,LO'R,,Picadillos,
,,,,,LUCCHETTI,,Pimentones,
,,,,,LUCCHETTI VITINA,,Pimientas,
,,,,,LUCHETTI,,Pimientos,
,,,,,LULEMUU,,Piononos,
,,,,,M & M,,Plastilinas y Masas,
,,,,,MACRITAS,,Pochoclos,
,,,,,MACROBIOTICA,,Polenta,
,,,,,MACUCAS,,Polvorones,
,,,,,MAGGI,,Polvos de Hornear,
,,,,,MAILLE,,Porotos,
,,,,,Mais Coco,,Postres,
,,,,,MAIZENA,,Premezclas,
,,,,,MALTIFE,,Provenzales,
,,,,,MAMA,,Pulpas de Fruta,
,,,,,MAMA COCINA,,Pulpas de Tomate,
,,,,,MANA,,Pulpos,
,,,,,MANI KING,,Pure de Frutas,
,,,,,MANON,,Pure de Manzana,
,,,,,MANTECADAS,,Pure de Peras,
,,,,,MANTECOL,,Puré de Manzanas,
,,,,,MARETTI,,Puré de Papas,
,,,,,MARIAN ARYTZA,,Puré de Tomate,
,,,,,MARLOM´S,,Puré de Zapallo,
,,,,,MAROLIO,,Queso Rallado,
,,,,,MARUCHAN,,Quesos Rallado,
,,,,,MAS LIFE SUPERFOOD,,Quinotos,
,,,,,MASSEUBE,,Rebozadores,
,,,,,MATARAZZO,,Remolachas,
,,,,,MATEANDO,,Rigattonis,
,,,,,MAXIMA,,Risottos,
,,,,,MAXIMO,,Romeros,
,,,,,MAYOLIVA,,Saborizantes,
,,,,,MAZOLA,,Sal Condimentada,
,,,,,MAZZETTI,,Sal Entrefina,
,,,,,MAÑANITA,,Sal Fina,
,,,,,MEDIA TARDE,,Sal Gruesa,
,,,,,MELBA,,Sal Light,
,,,,,MELLIZAS,,Salmón,
,,,,,MENDIA,,Salsa de Carne,
,,,,,MENOYO,,Salsa de Queso,
,,,,,MENTA CRISTAL,,Salsa de Soja,
,,,,,MENTHO PLUS,,Salsas,
,,,,,MERBA,,Salsas Agridulces,
,,,,,MESTEMACHER,,Salsas BBQ,
,,,,,MILKA,,Salsas Blancas y Especiales,
,,,,,MINERVA,,Salsas César,
,,,,,MOGUL,,Salsas de Ajo,
,,,,,Molinos Ala,,Salsas de Ají,
,,,,,MOLINOS ALA VEGGIE,,Salsas de Arándanos,
,,,,,MOLTO,,Salsas de Barbacoa,
,,,,,Molé,,Salsas de Caramelo,
,,,,,MONTECITOS,,Salsas de Chimichurri,
,,,,,MORENITA,,Salsas de Chipotle,
,,,,,MORIXE,,Salsas de Chocolate,
,,,,,MOROCHITAS,,Salsas de Frutilla,
,,,,,MR POP´S,,Salsas de Jalapeño,
,,,,,MUDRA,,Salsas de Repostería,
,,,,,MUECAS,,Salsas de Soja,
,,,,,MUNZ,,Salsas de Tomate,
,,,,,MUSEL,,Salsas Golf,
,,,,,MUTTI,,Salsas Inglesa,
,,,,,NAMUR,,Salsas Pesto,
,,,,,NAN,,Salsas Picantes,
,,,,,NARBONA,,Salsas Szechuan,
,,,,,NARDA LEPES,,Salsas Teriyaki,
,,,,,NATURA,,Salsas Thai,
,,,,,NATURAL CANDY,,Salvias,
,,,,,NATURAL POP,,Sardinas,
,,,,,NATURAL SUR,,Scones,
,,,,,NATUZEN,,Semillas,
,,,,,NESCAFE,,Semillas de Chia,
,,,,,NESCAO,,Semillas de Lino,
,,,,,NESQUIK,,Semillas de Sésamo,
,,,,,NESTLE,,Set de Aderezos,
,,,,,NESTUM,,Snacks de Arros,
,,,,,NIDINA,,Snacks Dulces,
,,,,,NIDO,,Snacks Salados,
,,,,,NINA,,Snacks Vegetales,
,,,,,NISSIN,,Sojas,
,,,,,NOBLEZA GAUCHA,,Sopas Instantáneas,
,,,,,NUCETE,,Spaghettis,
,,,,,Nuestros Sabores,,Surtido de Mariscos,
,,,,,NUGATON,,Sémolas,
,,,,,NUTELLA,,Tagliatelles,
,,,,,NUTRIFOODS,,Tarteletas,
,,,,,NUTRILON,,Te,
,,,,,NUTRIVEG,,Termos Mate,
,,,,,OKEBON,,Tomates,
,,,,,OLD EL PASO,,Tomillos,
,,,,,OLIOVITA,,Tortas,
,,,,,ONNEG,,Tortellinis,
,,,,,ONZA DE ORO,,Tortillas,
,,,,,OPERA,,Tostadas,
,,,,,OREO,,Trigo Burgol,
,,,,,OROWEAT,,Trigo Pelado,
,,,,,PALITOS DE LA SELVA,,Turrones,
,,,,,PAMELA,,Té Chai,
,,,,,Pampa Gourmet,,Té de Manzanilla,
,,,,,PASEO,,Té Hierbas,
,,,,,PASTA D' ORO,,Té Negro,
,,,,,PASTA VELOCE,,Té Rojo,
,,,,,PATAGONIA BERRIES,,Té Saborizados,
,,,,,PEHUAMAR,,Té Verde,
,,,,,PENNISI,,Vainillas,
,,,,,PEP,,Vinagres Balsámico,
,,,,,Pepe Roncino,,Vinagres de Alcohol,
,,,,,PEPITOS,,Vinagres De Arroz,
,,,,,PERGOLA,,Vinagres de Manzana,
,,,,,PICO DULCE,,Vinagretas,
,,,,,PINDY,,Waffers,
,,,,,PIPORÉ,,Yerba Mate,
,,,,,PISI,,Zapallos,
,,,,,PITUSAS,,Ñoquis,
,,,,,PLANTE,,,
,,,,,PLANTY,,,
,,,,,PLAYADITO,,,
,,,,,POP,,,
,,,,,PORONGO,,,
,,,,,PORTEÑITAS,,,
,,,,,PORTO,,,
,,,,,POZO,,,
,,,,,PREFERIDO,,,
,,,,,PRESTO PRONTA,,,
,,,,,PRESTOPRONTA,,,
,,,,,PRINGLES,,,
,,,,,PUREZA,,,
,,,,,PURISIMA,,,
,,,,,QUAKER,,,
,,,,,QUENTO SNACKS,,,
,,,,,RAFFAELLO,,,
,,,,,RAKAN,,,
,,,,,RECETAS DE ENTONCES,,,
,,,,,REX,,,
,,,,,REY ORO,,,
,,,,,RHODESIA,,,
,,,,,Rianitos,,,
,,,,,RIERA,,,
,,,,,RINA,,,
,,,,,RISKI-DIT,,,
,,,,,RITTER SPORT,,,
,,,,,ROAPIPO,,,
,,,,,ROCKLET´S,,,
,,,,,ROMANCE,,,
,,,,,ROSAMONTE,,,
,,,,,ROYAL,,,
,,,,,RUMBA,,,
,,,,,RUMMO,,,
,,,,,SABE BIEN,,,
,,,,,SAINT DALFOUR,,,
,,,,,SAINT GOTTARD,,,
,,,,,SAKURA,,,
,,,,,SALADIX,,,
,,,,,SALMAS,,,
,,,,,SALSATI,,,
,,,,,SALUS,,,
,,,,,SALUS NATURAL,,,
,,,,,SALUSIN,,,
,,,,,SAM MILLS,,,
,,,,,SAN GIORGIO,,,
,,,,,SANTA ISABEL,,,
,,,,,SANTA MARIA,,,
,,,,,SAPITO,,,
,,,,,SARA,,,
,,,,,SAVORA,,,
,,,,,SCHAR,,,
,,,,,SCHWARTAU,,,
,,,,,SCOTTI,,,
,,,,,SEGAFREDO ZANETTI,,,
,,,,,SHIVA,,,
,,,,,SHOT,,,
,,,,,SIMPLY KETO,,,
,,,,,SIN MARCA,,,
,,,,,SINFONIA OBLEA,,,
,,,,,SKITTLES,,,
,,,,,SMAMS,,,
,,,,,SNICKERS,,,
,,,,,SNOWDONIA,,,
,,,,,SNUKS,,,
,,,,,SOCOCO,,,
,,,,,SONRISAS,,,
,,,,,SORIANO,,,
,,,,,SOYARROZ,,,
,,,,,SPEARMINT,,,
,,,,,Sri Sri Tattva,,,
,,,,,STARBUCKS,,,
,,,,,SUAVECITAS,,,
,,,,,SUFLAIR,,,
,,,,,SUGUS,,,
,,,,,SURTIDO,,,
,,,,,SVELTY,,,
,,,,,sweet baby ray's,,,
,,,,,SWIFT,,,
,,,,,TABASCO,,,
,,,,,Tajin,,,
,,,,,TAKIS,,,
,,,,,TARAGUI,,,
,,,,,TAU DELTA,,,
,,,,,TERRABUSI,,,
,,,,,TERRASANA,,,
,,,,,TGI Fridays,,,
,,,,,THE GOURMET COLLECTION,,,
,,,,,TIA MARUCA,,,
,,,,,TIC TAC,,,
,,,,,TITA,,,
,,,,,TODDY,,,
,,,,,TOFI,,,
,,,,,TOKKE,,,
,,,,,TOP LINE,,,
,,,,,TOPLINE,,,
,,,,,TORTAZA,,,
,,,,,TOSTEX,,,
,,,,,TOSTI,,,
,,,,,Tostitos,,,
,,,,,TRAVIATA,,,
,,,,,TRIO,,,
,,,,,TRIX,,,
,,,,,TUY,,,
,,,,,TWININGS,,,
,,,,,TWISTOS,,,
,,,,,UNION,,,
,,,,,VALENTE,,,
,,,,,VANGUARDIA,,,
,,,,,VANOLI,,,
,,,,,VARIEDAD,,,
,,,,,VAUQUITA,,,
,,,,,VERDEFLOR,,,
,,,,,VIA VITA,,,
,,,,,VIAGGIO,,,
,,,,,VIAVITA,,,
,,,,,VIGILANTE,,,
,,,,,VIRGIN ISLANDS,,,
,,,,,VITAL,,,
,,,,,VIZZIO,,,
,,,,,VN ORGANIC,,,
,,,,,VOCACION,,,
,,,,,WAKAS,,,
,,,,,WALLY´S PATAGONIA,,,
,,,,,Wanuka,,,
,,,,,YANCANELLO,,,
,,,,,YBARRA,,,
,,,,,YUMMY,,,
,,,,,ZAFRÁN,,,
,,,,,ZUCARITAS,,,
,,,,,ZUELO,,,
,,,,,ZUMMY,,,
,,,,,ÑAPI-U,,,
