Categoría,Sub-Categoría,Autor,Cantidad de Hojas,Color,Contenido,Marca,Temática,Tipo de Producto,Variedad
Aire Libre,Abrochadoras y Perforadoras,Afa,100,Amarillo,1 Regador,AKAPOL,Arte,Abrochadoras,Cuadriculado
Librería,Adultos,"Aguinis, Marcos",100 hojas,Azul,1 unidad,ALPES,Autoayuda,Accesorios Camping,
Libros,Bicicletas y Accesorios,Akiko Higashimura,101 hojas,Beige,15 un.,AMERICA,Autoayuda y Ciencias Alternativas,Accesorios de Entrenamiento,
Suplementos,"Bolígrafos, Lápices y Marcadores","Allende, Isabel",102 hojas,Blanco,2 L,ARTE,Aventura,Accesorios de Viaje,
"Valijas, Bolsos, Mochilas y Luncheras",Camping,Ana Perez (Nací Dramática),103 hojas,Celeste,5 L,ASAPARRI,Blancanieves,Accesorios Mangueras,
,Carpetas Escolares,Andrea Marconcini,42,Gris,Fertilizante líquido,ATLAS,Ciencias,Accesorios para Bicicletas,
,Cartucheras,"Andrew, Kelly",48 un.,Marrón,Maceta Beruplast Eco Reciclada 16 Negro,AVON,Clásicos,Accesorios para Parrillas,
,Cloro,Anonimo,84 hojas,Naranja,Maceta Beruplast Eco Reciclada 18 Negro,BANGLADESH,Cocina,Accesorios para Piletas,
,Cuadernos Escolares,Anonino,97 hojas,Negro,Maceta Beruplast Eco Reciclada 18 Verde,BEEF MAKER,Cuento,Accesorios Riego,
,Cuadernos Universitarios,"Aoyama, Michiko",99 hojas,Rojo,Maceta Beruplast Simil 16 - Cemento,BERUPLAST,Cuentos,Acondicionador De Suelo,
,Deportes y Fitness,"Ballarini, Fabricio",,Rosa,Semillas,BESTWAY,Cómics y Novelas Gráficas,Acondicionadores de suelo,
,Folios,"Balmaceda, Daniel",,Surtido,Set,BIC,Desarrollo,Acoples y Conectores,
,Infantiles,Beascoa,,Transparente,Sustrato,BLUMPY,Desarrollo personal,Acuarelas,
,Jardín,"Benito, Cristina",,Verde,,BLYWARD,Desarrollo y Aprendizaje,Adhesivo,
,Mochilas Escolares,"Bradley, Nick",,Violeta,,BODY CARE,Empresas y Finanzas,Adhesivos Universales,
,"Moños, Cintas y Tarjetas de Regalo","Brown, Dan",,,,BRANDPACK,Entretenimiento,Almohadas de Viaje,
,Máquinas y Herramientas de Jardín,"Carnegie, Dale",,,,CLOROTEC,Escolar,Andarines,
,"Papeles, Tijeras, Geometría, Adhesivos y Artística","Carson, Sofia",,,,CLUB MAXX,Estilo de Vida y Bienestar,Antiparras,
,Parrillas y Accesorios,"Casañas, Gloria",,,,CRESKO,Fantasía,Antorchas,
,Piletas y Accesorios,"Cashore, Kristin",,,,CROSS CHECK,Fe,Arco de Fútbol,
,Repuestos de Hojas y Blocks,"Cawthon, Scott",,,,EL NENE,Felicidad,Aros de Básquetbol,
,Resmas,Cazzu,,,,ESTRADA,Ficción,Aspersores,
,Rollers y Skates,Chopra- Deepak,,,,FABER,Finanzas,Atizadores para Parrilla,
,Sombrillas y Gazebos,"Clapes, Elizabeth",,,,FABER CASTELL,Harry Potter,Bandas Deportivas,
,Valijas,Club 57,,,,FERTIFOX,Infantil,Barras de Entrenamiento,
,,"Coelho, Paulo",,,,FILGO,Libros de Actividades,Barrehojas,
,,"Collins, Suzanne",,,,GARDEN LIFE,Libros de Autoayuda,Bicicletas,
,,"Colombo, Manuel",,,,GENTECH,Libros de Ciencia Ficción,Bicicletas de Paseo,
,,"Cook, Robin",,,,GILBERT,Libros Infantiles,Bicicletas Infantiles,
,,"Cwaik, Joan",,,,GLORIA,Libros Infanto Juveniles,Bicicletas MTB,
,,Disney,,,,GRANGER,Literatura,Blocks de Dibujo,
,,"Dispenza, Joe",,,,GROW MIX,Literatura infantil,Blocks de Hojas,
,,"Dolina, Alejandro",,,,GUADAL,Literatura Juvenil,Blocks de Notas,
,,"Dresel, Walter",,,,HOLZ,Mascotas,Bolsas de Dormir,
,,"Dyer, Wayne",,,,HORTAL,Mindfulness,Bolsas de Lavado,
,,El Gato De Hojalata,,,,HUINCA,Narrativa,Bolsas de Papel,
,,"Espinosa, Albert",,,,ILUMINARTE,Novelas,Bolsas de Regalo,
,,Gabriel Rolon,,,,INKDROP,Ocio y Entretenimiento,Bolsos de Viaje,
,,Gabriel Rolón.,,,,JORDAN,Organización,Bolígrafos,
,,"Garcia Aros, Laura",,,,KREA,Pasatiempos y Juegos,Bombas y Filtros para Piletas,
,,"Gendry-Kim, Keum Suk",,,,KUMA,Personal,Boyas,
,,"Gonzalez, Guillermo",,,,LA HACIENDA,Pintura,Brillantinas,
,,"Graña, Rolando",,,,LEDESMA,Psicológico,Candados,
,,"Grisham, John",,,,LIBESA,Relajación,Carpeta Escolar,
,,Guadal,,,,LUMA,Romance,Carpetas Escolares,
,,"Haidt, Jonathan",,,,M-WAVE,Salud Mental,Cartucheras,
,,"Harikawa, Hiro",,,,MAFALDA,Superación,Cartulinas,
,,Hasbro,,,,MAPED,Suspenso,Cepillos Limpiadores Parrillas,
,,"Higashimura, Akiko",,,,MARKET SELF,Viaje,Ceras para Pisos,
,,"Holland, Jacqueline",,,,MAX-YOU,,Chalecos y Salvavidas,
,,"Hoover, Colleen",,,,MERCO,,Chombas,
,,"Housel, Morgan",,,,MOOVING,,Cintas Adhesivas,
,,"Huxley, Aldous",,,,MOR,,Cloro y Clarificadores Piletas,
,,"Incarbone, Oscar",,,,MULTISCOPE,,Cojines,
,,Infantil,,,,NATACLOR,,Coladores,
,,J.K. Rowling,,,,NEW CLOR,,Colchonetas,
,,"Jacobs, Anne",,,,NotProtein Bar,,Compás,
,,"Jenkins Reid, Taylor",,,,OUTDOORS PROFESSIONAL,,Contenedores,
,,"Jenkins Reid,Taylor",,,,Outzen,,Cuadernos A4,
,,"Kang, Han",,,,PAPER MATE,,Cuadernos ABC,
,,"Kellen, Alice",,,,PELIKAN,,Cuadernos Cuadriculados,
,,"King, Stephen",,,,PELOPINCHO,,Cuadernos Rayados,
,,"Kiyosaki, Robert",,,,PENN,,Cuadernos Universitarios,
,,"Kuroi, Shiro",,,,PIRAMYDES GLOBAL,,Cuentos Infantiles,
,,"Latorre, Jimena",,,,PIZZINI,,Diarios,
,,Lewis Carroll,,,,PLANETA,,Discos y Braseros,
,,"Lopez Rosetti, Daniel",,,,PLASTICOLA,,Especieros,
,,"Luz, Margarita",,,,POKER,,Estantes,
,,Lyna,,,,PRH,,Etiquetas Adhesivas,
,,Lyna y Daniel,,,,QUUZ,,Fertilizante,
,,"Mafi, Tahereh",,,,QUZZ,,Fertilizantes,
,,"Marcus, Joana",,,,RADOST,,Flotadores,
,,"Marinone, Belen",,,,RAPTOR,,Fogoneros,
,,Market Self,,,,RIVADAVIA,,Folios,
,,Marvel,,,,ROOTS,,Fundas para Celulares,
,,"Masamitsu, Nigatsu",,,,ROOTS GARDEN,,Gel Refrigerante,
,,"Mcdowell, Michael",,,,ROYAL PADEL,,Goma Eva,
,,"McFadden, Freida",,,,SAN FRANCISCO,,Gomas de Borrar,
,,Michael McDowell,,,,SD,,Gorros de Baño,
,,Mikecrack,,,,SHARPIE,,Herramientas de Jardín,
,,"Mochizuki, Mai",,,,SIMBALL,,Hojas de Ilustración,
,,"Muñoz, Eva",,,,SIMPLE,,Infladores Manuales,
,,"Natsukawa, Sosuke",,,,SIN MARCA,,Insecticidas,
,,Nickelodeon,,,,SITEC,,Jarros,
,,Nik,,,,SORMA,,Juegos de Agua,
,,"Orwell, George",,,,SPALDING,,Juegos Inflables,
,,Papa Francisco,,,,SPOGA,,Juguetes de Playa,
,,"Perez, Ana",,,,STIGA,,Lapiceras,
,,Pilm Plim,,,,SYLVAPEN,,Lapices,
,,"Piñeiro, Claudia",,,,TAPIMOVIL,,Libros,
,,"Poe, Edgar Alan",,,,TERRAFERTIL,,Libros de Actividades,
,,"Redrado, Martin",,,,TRAMONTINA,,Libros de Autoayuda,
,,"Resnik, Pablo",,,,TRIPLE 15,,Libros de Biografías y Memorias,
,,"Reulet, Mariana",,,,TSP,,Libros de Ciencia Ficción,
,,"Rivero, Viviana",,,,UBL,,Libros de Ciencias y Tecnología,
,,"Robbins, Mel",,,,URANO,,Libros de Deportes,
,,Robert Kiyosaki,,,,URB,,Libros de Economía y Finanzas,
,,"Rojas Estapé, Marian",,,,UTIL-OF,,Libros de Fantasía,
,,"Rolon, Gabriel",,,,VERTICE,,Libros de Salud y Bienestar,
,,"Rowling, J.K.",,,,VIOLETTA,,Libros Didácticos,
,,"Saiki, Kumiko",,,,WABRO,,Libros Esotéricos,
,,"Saint Exupery, Antoine",,,,WILSON,,Libros Ilustrados,
,,"Schweblin, Samanta",,,,ZUMMY,,Libros Infantiles,
,,"Seitun, Maritchu",,,,ÉXITO,,Libros Infanto Juveniles,
,,"Sharma, Robin",,,,ÑUKE,,Libros para Colorear,
,,"Siri, Santiago",,,,,,Luncheras,
,,"Stocker, Bram",,,,,,Lápices Corrector,
,,"Tajes, Magali",,,,,,Lápices de Colores,
,,Taylor,,,,,,Lápices Gel,
,,"Thich Nhnat, Hanh",,,,,,Lápices Grafito,
,,Toshikazu Kawaguchi,,,,,,Macetas,
,,"Tracy, Brian",,,,,,Mancuernas,
,,"Traversa, Patricia",,,,,,Mangueras,
,,"Tsuda, Masami",,,,,,Marcadores,
,,Universal,,,,,,Mats de Yoga,
,,"Vallejos, Lyna",,,,,,Mezcladores,
,,Varios,,,,,,Mochila,
,,Varios Autores,,,,,,Mochilas,
,,"Vilaseca, Borja",,,,,,Mochilas con Ruedas,
,,"Walker, Dalia",,,,,,Mochilas Escolares,
,,"Walsh, Maria Elena",,,,,,Mochilas Infantiles,
,,"Weiss, Brian",,,,,,Moldes,
,,"Wila, Cyntha",,,,,,Monopatin,
,,"Yarros, Rebecca",,,,,,Monopatines,
,,"Yeon, Somin",,,,,,Moños de Regalo,
,,Yokoi Kenji Diaz,,,,,,Máscaras,
,,,,,,,,Novelas,
,,,,,,,,Organizadores,
,,,,,,,,Organizadores de Valija,
,,,,,,,,Paletas de Ping Pong,
,,,,,,,,Paletas de Playa,
,,,,,,,,Pancakes,
,,,,,,,,Papeles de Regalo,
,,,,,,,,Papeles Surtidos,
,,,,,,,,Parrillas a Carbón,
,,,,,,,,Pegamentos en Barra,
,,,,,,,,Pelotas,
,,,,,,,,Pelotas de Básquetbol,
,,,,,,,,Pelotas de Fútbol,
,,,,,,,,Pelotas de Juguete,
,,,,,,,,Pelotas de Ping Pong,
,,,,,,,,Pelotas de Tenis,
,,,,,,,,Pelotas de Voleibol,
,,,,,,,,Pesas Rusas,
,,,,,,,,Piletas Pelopincho,
,,,,,,,,Pinchos y Pinzas,
,,,,,,,,Piscinas,
,,,,,,,,Pizarras,
,,,,,,,,Plastilinas y Masas,
,,,,,,,,Portadocumentos,
,,,,,,,,Productos para Jardín,
,,,,,,,,Protectores Bucales,
,,,,,,,,Pulverizadores,
,,,,,,,,Raquetas de Padle,
,,,,,,,,Regaderas,
,,,,,,,,Reglas,
,,,,,,,,Repasadores de Cocina,
,,,,,,,,Repuesto de Hojas,
,,,,,,,,Resaltadores,
,,,,,,,,Resma de Hojas,
,,,,,,,,Rueda Abdominal,
,,,,,,,,Sacapuntas,
,,,,,,,,Sahumerios,
,,,,,,,,Semillas,
,,,,,,,,Separadores de Carpetas,
,,,,,,,,Separadores de Materias,
,,,,,,,,Set de Valijas,
,,,,,,,,Set Parrilleros,
,,,,,,,,Sillones,
,,,,,,,,Sobres,
,,,,,,,,Sombrillas,
,,,,,,,,Stickers,
,,,,,,,,Suplementos Alimenticios,
,,,,,,,,Sustrato,
,,,,,,,,Tablas,
,,,,,,,,Tazones,
,,,,,,,,Tierra y Sustratos,
,,,,,,,,Tijera,
,,,,,,,,Tijeras,
,,,,,,,,Tijeras de Podar,
,,,,,,,,Tijeras Multiuso,
,,,,,,,,Tobilleras,
,,,,,,,,Transportadores,
,,,,,,,,Turba,
,,,,,,,,Témperas,
,,,,,,,,Utensilios de cocina,
,,,,,,,,Valijas,
,,,,,,,,Valijas Carry-On,
,,,,,,,,Valijas Grandes,
,,,,,,,,Valijas Medianas,
,,,,,,,,Velas Aromáticas,
,,,,,,,,Vendas,
