Categoría,Sub-Categoría,Capacidad de Lavado,Capacidad de Secado,Capacidad Total,Conectividad,Consumo de Energía,Eficiencia Energética,Frigorías,Inverter,Marca,Memoria RAM,Número de Hornallas,Número de Velocidades,Origen,Potencia,Pulgadas,Resolución,Sistema de Enfriamiento,Sistema Operativo,Smart TV,Tipo de Carga,Tipo de Dispensadores,Tipo de Gas,Tipo de Producto,Tipo de Secado,Tiro,Velocidad Centrifugado
Aire Acondicionado y Ventilación,Accesorios de Celulares,10 cubiertos,15 Kg,117 L,Bluetooth,1200 W,A,3.000 a 3.999,No,AIWA,12 GB,4 Hornallas,1 Velocidad,Importado,10 W,"10,1""",1366/768,Frío Combinado,Android,Sí,Frontal,Agua,Gas Butano,Accesorios de Audio,Bomba De Calor,Natural,1000 RPM
Audio,Accesorios de TV y Video,14 Cubiertos,5 L,120 L,Wifi,1600 W,A+,4.000 a 4.990,Sí,ARIETE,16 Gb,5 Hornallas,2 Velocidades,Nacional,1000,"12""",1366x768,Frío Directo,Android™ 11,,Superior,Hielo-Agua,Gas Licuado y Natural,Accesorios Gamers,Condensación,,1100 Rpm
"Calefacción, Calefones y Termotanques",Aire Acondicionado,15 Kg,5.5 Kg,164 L,Wifi+Bluetooth,220 W,A++,5.000 a más,,ATMA,2 GB,Sin Hornallas,3 Velocidades,,1000 W,15,1920x1080,No Frost,Windows,,,Sin Dispensador,Gas Natural,Adaptadores,Ventilación,,1200
Cocinas y Hornos,Anafes,22 Kg,6 Kg,179 L,,6.978 kW/h,A+++,,,AXEL,3 GB,,5 Velocidades,,1050 W,"15""",3840 x 2160,,,,,,Sin Gas,Afeitadoras Eléctricas,,,1200 RPM
Consolas y Videojuegos,Aspiradoras,5 a 7 Kg,6.5 kg,21 Botellas,,6000 Kcal/Hs,B,,,BGH,4 GB,,6 Velocidades,,1100 W,"27""",3840 x 2160 píxeles,,,,,,,Aire Acondicionado Portátil,,,1400
"Heladeras, Freezers y Cavas",Batidoras,5 Cubiertos,7 Kg,215 L,,7500 Kcal/Hs,G,,,CANDY,6 GB,,,,1200 W,32,3840*2160,,,,,,,Aire Acondicionado Split,,,1400 R/p
Informática,Cafeteras y Molinillos,5 Kg,8 Kg,231 Lts,,Medio,,,,CANON,8 GB,,,,1200W /AC220-240V 50/60Hz,"32""",3840x2160,,,,,,,Aire Acondicionado Split Inverter,,,1400 RPM
Lavado,Calefacción,6 Kg,,242 L,,,,,,COLUMBIA,8GB,,,,1300 W,"37"" a 85""","4K (3,840 x 2,160)",,,,,,,All in One,,,1600 R/p
Pequeños Electros,Calefones,7 Kg,,264 L,,,,,,CRIVEL,Sin Ram,,,,1300W,"37""-70""",5 MP,,,,,,,Anafes a Gas,,,1600 RPM
Teléfonos,Celulares,8 a 10 Kg,,280 L,,,,,,CROWN MUSTANG,,,,,1340 W,43,Resolución de video: 1366 x 768,,,,,,,Android TV,,,2800 RPM
,Cocinas,8 Kg,,281 L,,,,,,DAEWOO,,,,,1350 W,"43""",Resolución de video: 1920*1080 (FHD),,,,,,,Antenas,,,600 RPM
,Cuidado Personal,9 Kg,,282 L,,,,,,DIRECTV,,,,,"1350 W – 1550 W, Clase I",50,Resolución de video: 3840X2160,,,,,,,Aspiradoras Ciclónicas,,,700 Rpm
,Cámaras de Seguridad,"9,5 Kg",,299 L,,,,,,DOLCE GUSTO,,,,,1400,"50""",,,,,,,,Aspiradoras de Arrastre,,,740 Rpm
,Freezers,"9,5 L",,300 L,,,,,,DOMEC,,,,,1400 W,55',,,,,,,,Aspiradoras de Mano,,,Hasta 1000 Rpm
,Heladera Cíclica,,,318 L,,,,,,DOMESTIC,,,,,1400w,"6,6",,,,,,,,Aspiradoras Robot,,,No
,Heladera No Frost,,,321 L,,,,,,DREAN,,,,,"1400W - 1650W, Clase I","6,6""",,,,,,,,Aspiradoras Trineo,,,
,Heladeras Cavas,,,326 L,,,,,,ELECTROLUX,,,,,15 W,6.3,,,,,,,,Aspiradoras Verticales,,,
,Hornos,,,330 L,,,,,,EPSON,,,,,1500,"6.5""",,,,,,,,Auriculares,,,
,Lavarropas,,,333 L,,,,,,ESLABON DE LUJO,,,,,1500 W,6.6,,,,,,,,Auriculares Inalámbricos,,,
,Lavavajillas,,,338 L,,,,,,EXO,,,,,1500 W (110.000 RPM),6.6',,,,,,,,Balanzas de Baño,,,
,Licuadoras,,,340 L,,,,,,FLORENCIA,,,,,150W,6.7',,,,,,,,Batidoras de Mano,,,
,Microondas,,,353 L,,,,,,GA.MA,,,,,1550 W,"65""",,,,,,,,Batidoras de Pedestal,,,
,Pequeños Electros de Cocina,,,362 L,,,,,,GAFA,,,,,15v,"7.6""+ 6.2""",,,,,,,,Batidoras Planetarias,,,
,Pequeños Electros de Hogar,,,364 L,,,,,,GAMA,,,,,1600 W,"70""",,,,,,,,Bolsas para Aspiradoras,,,
,Procesadoras,,,374 L,,,,,,Hiksemi,,,,,1600W,"75""",,,,,,,,Cables USB,,,
,Purificadores,,,386 L,,,,,,HISENSE,,,,,1650 W,77,,,,,,,,Cafeteras,,,
,Salud,,,397 L,,,,,,HP,,,,,1650w,"8.0""",,,,,,,,Calefactores Eléctricos,,,
,Secarropas,,,408 L,,,,,,HUNE,,,,,1700 W,"85""",,,,,,,,Calefactores por Convección,,,
,Televisores,,,409 L,,,,,,HYUNDAI,,,,,1740 W,86',,,,,,,,Calefones a Gas,,,
,Termotanques,,,413 L,,,,,,INDELPLAS,,,,,1750 W,"De 23 a 55""",,,,,,,,Caloventores,,,
,Ventilación,,,442 L,,,,,,INELRO,,,,,1800 W,,,,,,,,,Cargadores USB,,,
,Videojuegos,,,449 Lts,,,,,,JBL,,,,,1800W,,,,,,,,,Cavas,,,
,,,,459 L,,,,,,KANJI,,,,,1850,,,,,,,,,Celulares,,,
,,,,46 botellas,,,,,,KAZZ,,,,,1850 W,,,,,,,,,Cocinas a Gas,,,
,,,,516 L,,,,,,KEN BROWN,,,,,"1900W - 2260W, Clase I",,,,,,,,,Cocinas Eléctricas,,,
,,,,518 L,,,,,,KINGSTON,,,,,2.200 W,,,,,,,,,Corta Cabellos,,,
,,,,529 L,,,,,,KITCHENAID,,,,,2.400 W,,,,,,,,,Cámaras de Seguridad,,,
,,,,570 L,,,,,,KLAUBEN,,,,,200 W,,,,,,,,,Enfriadores de Aire,,,
,,,,590 L,,,,,,KO-HI-NOOR,,,,,2000 P,,,,,,,,,Espumadores de Leche,,,
,,,,64 L,,,,,,KOHINOOR,,,,,2000 W,,,,,,,,,Exprimidores Eléctricos,,,
,,,,8 botellas,,,,,,LENOVO,,,,,2100 W,,,,,,,,,Extractores de Jugo,,,
,,,,85 LTS,,,,,,LG,,,,,220 W,,,,,,,,,Freezer Horizontal,,,
,,,,,,,,,,LILIANA,,,,,2200 W,,,,,,,,,Freezer Vertical,,,
,,,,,,,,,,LOGITECH,,,,,2200W,,,,,,,,,Freidoras de Aire,,,
,,,,,,,,,,LUSQTOFF,,,,,22W,,,,,,,,,Frigobares,,,
,,,,,,,,,,MAVERICK,,,,,2300 W,,,,,,,,,Gasificadores de Agua,,,
,,,,,,,,,,MIDEA,,,,,2400 - 2600 W,,,,,,,,,Heladeras con Freezer,,,
,,,,,,,,,,MOTOROLA,,,,,2400 W,,,,,,,,,Heladeras Cíclicas,,,
,,,,,,,,,,MOULINEX,,,,,250 W,,,,,,,,,Heladeras No Frost,,,
,,,,,,,,,,NEX,,,,,2500 W | Refrigeración Kcal/h: R410A,,,,,,,,,Heladeras Sibe by Side,,,
,,,,,,,,,,NOBLEX,,,,,2600 W,,,,,,,,,Hogares a Leña,,,
,,,,,,,,,,NOGA,,,,,2795 W,,,,,,,,,Horno Eléctrico,,,
,,,,,,,,,,OPPO,,,,,28 W,,,,,,,,,Hornos a Gas,,,
,,,,,,,,,,ORBIS,,,,,29 W,,,,,,,,,Hornos Eléctricos,,,
,,,,,,,,,,OSTER,,,,,30 W,,,,,,,,,Impresoras Láser,,,
,,,,,,,,,,PANACOM,,,,,300 W,,,,,,,,,Impresoras Multifuncionales,,,
,,,,,,,,,,PEABODY,,,,,30W,,,,,,,,,Juegos PS5,,,
,,,,,,,,,,PHILCO,,,,,3350 W,,,,,,,,,Lavarropas Carga Frontal,,,
,,,,,,,,,,PHILIPS,,,,,3500 W,,,,,,,,,Lavarropas Carga Superior,,,
,,,,,,,,,,PLAYSTATION,,,,,350W,,,,,,,,,Lavarropas Semiautomáticos,,,
,,,,,,,,,,PROTALIA,,,,,3600 W,,,,,,,,,Lavasecarropas,,,
,,,,,,,,,,REVLON,,,,,"4,5 W",,,,,,,,,Lavavajillas,,,
,,,,,,,,,,RHEEM,,,,,40 W,,,,,,,,,Licuadoras,,,
,,,,,,,,,,SAIAR,,,,,400 W,,,,,,,,,Licuadoras de Mano,,,
,,,,,,,,,,SAMSUNG,,,,,450 W,,,,,,,,,Microondas,,,
,,,,,,,,,,SEÑORIAL,,,,,450W,,,,,,,,,Mixers,,,
,,,,,,,,,,SHERMAN,,,,,5 W,,,,,,,,,Molinillos,,,
,,,,,,,,,,SIN MARCA,,,,,"5,4 W",,,,,,,,,Monitores,,,
,,,,,,,,,,SKY,,,,,50 W,,,,,,,,,Mouse,,,
,,,,,,,,,,SMARTLIFE,,,,,500 W,,,,,,,,,Nebulizadores,,,
,,,,,,,,,,SODASTREAM,,,,,5000 W,,,,,,,,,Notebooks,,,
,,,,,,,,,,SONY,,,,,5119 W,,,,,,,,,Ojotas,,,
,,,,,,,,,,STROMBERG,,,,,5200 W,,,,,,,,,Paneles Calefactores,,,
,,,,,,,,,,TAGWOOD,,,,,550,,,,,,,,,Paneles Cerámicos,,,
,,,,,,,,,,TAMIKA,,,,,550 W,,,,,,,,,Parlantes,,,
,,,,,,,,,,TCL,,,,,5500 W,,,,,,,,,Parlantes Bluetooth,,,
,,,,,,,,,,TECNO MOBILE,,,,,60 Watts,,,,,,,,,Parlantes Portátiles,,,
,,,,,,,,,,THONET & VANDER,,,,,600 W,,,,,,,,,Pavas Eléctricas,,,
,,,,,,,,,,TPLINK,,,,,600W,,,,,,,,,Pendrives,,,
,,,,,,,,,,TRAMONTINA,,,,,60W,,,,,,,,,Plancha Seca,,,
,,,,,,,,,,VONDOM,,,,,6450 W,,,,,,,,,Planchas a Vapor,,,
,,,,,,,,,,WHIRLPOOL,,,,,65 W,,,,,,,,,Planchitas de Pelo,,,
,,,,,,,,,,WINEFROZ,,,,,650,,,,,,,,,Procesadoras de Alimentos,,,
,,,,,,,,,,XIAOMI,,,,,650 W,,,,,,,,,PS5,,,
,,,,,,,,,,ÑUKE,,,,,680 W - 820 W,,,,,,,,,Purificadores de Aire,,,
,,,,,,,,,,,,,,,70 Watts,,,,,,,,,Radiadores Eléctricos,,,
,,,,,,,,,,,,,,,700 W,,,,,,,,,Ralladores,,,
,,,,,,,,,,,,,,,720 W,,,,,,,,,Recortadoras de Barba,,,
,,,,,,,,,,,,,,,750 W,,,,,,,,,Rizadores,,,
,,,,,,,,,,,,,,,750 W,,,,,,,,,Routers,,,
,,,,,,,,,,,,,,,780 W,,,,,,,,,Sandwicheras,,,
,,,,,,,,,,,,,,,800 W,,,,,,,,,Secadores de Pelo,,,
,,,,,,,,,,,,,,,800W,,,,,,,,,Secarropas,,,
,,,,,,,,,,,,,,,810 W,,,,,,,,,Smart TV,,,
,,,,,,,,,,,,,,,85 W,,,,,,,,,Soportes para TV,,,
,,,,,,,,,,,,,,,850 W,,,,,,,,,Soundbar,,,
,,,,,,,,,,,,,,,90 W,,,,,,,,,Tablets,,,
,,,,,,,,,,,,,,,90 Watts,,,,,,,,,Tarjetas de Memoria,,,
,,,,,,,,,,,,,,,900 W,,,,,,,,,Teclados,,,
,,,,,,,,,,,,,,,Bivolt 110-240,,,,,,,,,Teclados Gamer,,,
,,,,,,,,,,,,,,,,,,,,,,,,Televisores Digitales,,,
,,,,,,,,,,,,,,,,,,,,,,,,Tensiómetros,,,
,,,,,,,,,,,,,,,,,,,,,,,,Termotanques a Gas,,,
,,,,,,,,,,,,,,,,,,,,,,,,Termotanques Eléctricos,,,
,,,,,,,,,,,,,,,,,,,,,,,,Tintas,,,
,,,,,,,,,,,,,,,,,,,,,,,,Torres de Sonido,,,
,,,,,,,,,,,,,,,,,,,,,,,,Tostadoras Eléctricas,,,
,,,,,,,,,,,,,,,,,,,,,,,,Trapos de Pisos,,,
,,,,,,,,,,,,,,,,,,,,,,,,Vaporeras,,,
,,,,,,,,,,,,,,,,,,,,,,,,Vaporizadores,,,
,,,,,,,,,,,,,,,,,,,,,,,,Ventiladores de Pared,,,
,,,,,,,,,,,,,,,,,,,,,,,,Ventiladores de Pie,,,
,,,,,,,,,,,,,,,,,,,,,,,,Ventiladores Turbo,,,
,,,,,,,,,,,,,,,,,,,,,,,,volantes,,,
,,,,,,,,,,,,,,,,,,,,,,,,Volantes y Pedales,,,
,,,,,,,,,,,,,,,,,,,,,,,,Webcam,,,
