Categoría,Sub-Categoría,Aroma,Cantidad,Cantidad de Luces,Color,Contenido,Género,Marca,Material,Plazas,Rodado,Talle,Tipo de Luz,Tipo de Producto,Tipo de Zócalo
Automotor,Accesorios,Cherry,1 un.,1 Luz,Amarillo,1 Kg,Hombre,3M,100 Algodón,1 Plaza,Sin Rodado,1,Cálida,Ablandadores,E27
Baño,Accesorios de Baño,Citrus,5 un.,,Azul,1 L,Mujer,AIR PERFUM,100% Acero Inoxidable con Revestimiento de Color,1.5 Plazas,,10,Fría,Abrelatas,
Cocina,Accesorios de Cocina,Coco y Vainilla,,,Beige,1 Un,Niña,AKAPOL,100% Acrilonitrilo,Queen,,10 A 12,LED,Accesorios Camping,
Colchones y Almohadas,Accesorios de Electricidad,Gardenia,,,Blanco,10 Gr,Niñas y Niños,ALANIZ,100% Algodón,Súper King,,100,Neutra,Accesorios de Baño,
Cotillón,Accesorios de Mesa,Ginger Caramel,,,Celeste,100 Cc,Niño,ALPES,100% Dolomita,,,105,RGB,Aceiteras y Vinagreras,
Decoración,Accesorios para el Auto,Gris,,,Gris,12 Ml,Unisex,AMEFA,100% Madera,,,110,,Acolchados,
Ferretería,Accesorios Plásticos,Lila,,,Marrón,125 Cc,,ANDROS,100% Melamina,,,12,,Adhesivo,
Indumentaria,"Acolchados, Mantas y Frazadas",Maracuyá,,,Naranja,140 Gr,,ARETHA,100% Poliester,,,12 A 36,,Adhesivos de Contacto,
Mesa,"Adhesivos, Cintas y Sogas",Petroleo,,,Negro,2 Unidades,,ARMOR ALL,100% Polipropileno,,,12 al 16,,Adhesivos Montaje,
Muebles,Adornos,Rosa,,,Rojo,250 Cc,,AROMANZA,100% polipropileno virgen,,,12 al 36,,Adhesivos Selladores,
Organizacion,Adultos,Sandia y Pepino,,,Rosa,260 Gr,,Aromas Spirit,100% Silicona,,,12m,,Afiladores de Cuchillos,
Ropa de Cama,Alfombras,Sweet Dreams,,,Surtido,260 Ml,,ASTON,50% ABS + 45% Flocado de Nylon + 5% Gancho Cromado,,,12m/3A,,Agarraderas,
,Almohadones,Vainilla,,,Transparente,30 g,,ATOM,50% Silicona + 50% Propileno,,,14,,Aguas Desmineralizadas,
,"Aromatizadores, Velas y Accesorios",Verbena Fresias,,,Verde,350 Cc,,BARDAHL,55%Algodon 45%Poliester,,,16,,Alargues,
,Artículos para Horno y Fuego,Win Home,,,Violeta,4 Unidades,,Bel Gioco,"60 Algodón, 40 Poliéster",,,17 A 20,,Alfombras para Autos,
,Baldes y Cestos de Basura,,,,,440 Cc,,Bellalux,60% MDF + 30% PP + 5% Cerámica + 5% SS 201,,,18,,Alfombras para Baño,
,Bebés,,,,,490 Cc,,BELL´S,60%Algodon 35%Poliester 5%Spandex,,,18m,,Algodoneros,
,Bolsa para Horno y Freezer,,,,,5 L,,BIPO,73% Algodón 25% Poliéster 2% Elástico,,,19 A 26,,Almohadas,
,"Bowls, Ensaladeras, Fuentes y Bandejas",,,,,55 Gr,,BLISTERPRAC,80 poliamida 20elastano,,,2,,Almohadas Viscoelásticas,
,Cajas Organizadoras,,,,,580 Cc,,BROQUEL,90 poliamida 10 elastano,,,2-4,,Almohadones,
,Calzado,,,,,600 Cc,,BY ROSTEN,90% Acero al Carbono + 9% Silicona + 1% Recubrimiento,,,21 A 26,,Apliqués,
,Candados,,,,,80 Gr,,BZP,"95 Algodón, 5 Spandex",,,24,,Aromantizantes,
,Carros de Compra,,,,,De 400 ml a 600 ml,,CALIFORNIA SCENTS,95% Algodón 5% Spandex,,,24 A 36,,Aromatizadores,
,Cestería y Cajas Deco,,,,,Hasta 100 g,,CANDELA,99% Acero al Carbono + 1% Recubrimiento,,,25 A 34,,Aromatizantes,
,Colchones,,,,,Hasta 100 Gr,,CANNON,99% Acero al Carbono + 1% Recubrimiento,,,25-34,,Asaderas,
,Cotillón,,,,,Hasta 150 ml,,CARINE,Acacia,,,3,,Autobrillos,
,Cubiertos,,,,,Kit,,CAROL,Acero,,,3 A 12,,Azucareras,
,Decoración de Pared,,,,,Más de 200 g,,CENTRO ESTANT,Acero + Plástico,,,30 A 33,,Balizas Autos,
,Escaleras,,,,,Más de 200 Gr,,CHUNA,Acero Inoxidable,,,30/37,,Bancos,
,"Frascos, Botellas y Jarras",,,,,Más de 650 ml,,CIUDADELA,Acero Inoxidable + Madera,,,31 A 32,,Bandejas,
,Herramientas,,,,,,,CLUB DEL POSTER,Acero inoxidable / Plástico,,,33 A 34,,Bandoleras,
,Herramientas Eléctricas,,,,,,,COCOT,Acero Inoxidable y Goma,,,34 A 36,,Banquitos,
,Indumentaria Escolar,,,,,,,COLOMBRARO,Acero/Madera,,,34 A 39,,Barral para Cortina de Baño,
,Infusiones,,,,,,,COLONIAL,Acero/Plastico,,,35 a 36,,Barras Adhesivas,
,Jarros y Tazas,,,,,,,COMMAND,Acrílico,,,35 A 41,,Basureros,
,Lavado y Planchado,,,,,,,CONTIGO,Alambre,,,35-36,,Bengalas,
,Limpieza,,,,,,,CRISA,Algodon y Poliester Morley,,,35-40,,Biferas,
,Lubricantes y Refrigerantes,,,,,,,CRISTAL DE BOHEMIA,"Algodon, Poliester y Elastano",,,36,,Blusas,
,Lámparas,,,,,,,CRISTAR,Algodón,,,38 a 46,,Bodys,
,Manoplas y Delantales,,,,,,,CUSTOMADE,Algodón Denim,,,38 a 48,,Bolsas al Vacío,
,Manteles e Individuales,,,,,,,DATRAK,Algodón pique,,,38 al 46,,Bolsas al Vacío para Ropa,
,Medias,,,,,,,DECORMESA,Algodón poplin,,,38 al 48,,Bolsas con Cierre Hermético,
,Muebles de Cocina,,,,,,,DESES PLAST,Algodón y Poliéster,,,39 A 44,,Bolsas de Compras,
,Muebles de Comedor,,,,,,,DIELFE,Algodón y Elastano,,,39-40,,Bolsas Multiuso,
,Muebles de Dormitorio,,,,,,,DIGON´O,Algodón y Lycra,,,4,,Bolsas para Almacenar,
,Muebles de Exterior y Jardín,,,,,,,DISNEY,Algodón y Nylon,,,4 A 12,,Bolsas para Horno,
,Muebles de Living,,,,,,,DOMESTIC,Algodón y Poliéster,,,4 A 14,,Bolsas para Ropa,
,Muebles de Oficina,,,,,,,DOÑA CLARA,Algodón y Spandex,,,4 al 12,,Bolsas Reutilizables,
,Muebles Multiuso,,,,,,,DST,"Algodón, Elastano",,,4-12,,Bombacha,
,Niños,,,,,,,DUFOUR,"Algodón, Poliamida y Elastano",,,40,,Bombachas,
,Perchas y Organizacion de Placard,,,,,,,DURACELL,"Algodón, Poliamida y Spandex",,,40 - 46,,Bombillas,
,Pijamas,,,,,,,ECO SOULIFE,"Algodón, Poliamida y Elastano",,,40 A 46,,Bombillas Dicroicas,
,Pilas,,,,,,,EL SIGLO,"Algodón, Poliamida, Poliéster y Elastano",,,40 a 54,,Bombillas Led,
,"Plantas, Flores y Floreros",,,,,,,ELEMENTO,"Algodón, Poliéster",,,40 al 46,,Botellas,
,Portaretratos,,,,,,,ENERGIZER,"Algodón, Poliéster y Elástico",,,40 al 54,,Botiquines,
,Repasadores,,,,,,,ENTRANCE SA,"Algodón, Poliéster, Elastano",,,40-46,,Bowls,
,Repuestos,,,,,,,ERPA,"Algodón, Poliéster, Viscosa, Spandex",,,42,,Boxers,
,Ropa Interior,,,,,,,EVEREADY,"Algodón, Spandex",,,42 A 44,,Budineras,
,Sábanas,,,,,,,EYELIT,Algodón-Sintetico,,,43-44,,Bufandas,
,Toallas y Toallones,,,,,,,EYT,Aluminio,,,44,,Buzo,
,Trajes de Baño,,,,,,,FASTIX,Aluminio - Asas de Acero y Silicona- Tapa de Vidrio Templado,,,44 A 44,,Buzos,
,Vajilla,,,,,,,FRANCO VALENTE,Aluminio - Mango de Baquelita,,,44 a 46,,Cables Puente Batería,
,Vajilla Descartable,,,,,,,GACELA,Aluminio y Madera,,,45 A 44,,Cacerolas,
,Vasos y Copas,,,,,,,GEORGIA,Bamboo,,,46,,Cactus y Suculentas,
,,,,,,,,GOODYEAR,Bamboo Fiber,,,48,,Cafeteras,
,,,,,,,,Hanesbrands,Bambú,,,48 A 44,,Cajas de Cartón,
,,,,,,,,HAPPY DAY,Borosilicato,,,48 A 52,,Cajas Decorativas,
,,,,,,,,HAWAIANAS,Cartón,,,5,,Cajas Organizadoras,
,,,,,,,,HOME CARE,Cartón/Madera (deducido),,,50,,Calzas,
,,,,,,,,HUDSON,Cerámica,,,52,,Caminos de Mesa,
,,,,,,,,IAEL,Cerámica Decorada,,,54 A 44,,Camisas,
,,,,,,,,ILKO,Chapa Enlozada,,,57 A 44,,Camperas,
,,,,,,,,ILUMINARTE,Cinta textil (deducido),,,58 A 44,,Canasto Organizador,
,,,,,,,,JOIE,Con Asa de Acero,,,6,,Canastos Organizadores,
,,,,,,,,JOVIFEL,Cristal,,,6 A 14,,Canastos para Ropa,
,,,,,,,,JUMBO HOME CARE,Cvc (Mezcla De Algodón Y Poliéster),,,6 A 18,,Candados,
,,,,,,,,KEEP,Eva,,,6 A 24,,Candelabros,
,,,,,,,,KLAUBEN,"Exterior: Nylon, Forro: Poliéster",,,6 A18,,Canisters de Cocina,
,,,,,,,,KREA,Fibra natural,,,8,,Canisters y Contenedores,
,,,,,,,,KUTAHYA,Fibra vegetal (deducido),,,8 A 16,,Cardigan,
,,,,,,,,LA GOTITA,Fleece,,,85,,Cargadores de Pilas,
,,,,,,,,LA HACIENDA,FLEECE - POLIESTER - ALGODON,,,9 A 24,,Carrito de Paseo,
,,,,,,,,LAFFITTE,Gabardina,,,9 A 24 MESES,,Carros,
,,,,,,,,Ledvance,Goma,,,9 A 36,,Carros de Compra,
,,,,,,,,LOEKEMEYER,Gres,,,90,,Carteles de Chapa,
,,,,,,,,LONDON,Hierro,,,95,,Carteras,
,,,,,,,,LUMILAGRO,Hilo,,,L,,Ceniceros,
,,,,,,,,LUMINARC,Jean,,,M,,Centros de Mesa,
,,,,,,,,M Design,Jersey Estampado,,,S,,Cepillo de Baño,
,,,,,,,,MADELON,Jersey y Algodón,,,S A XL,,Cepillos de Baño,
,,,,,,,,MAGICLICK,Laminada,,,S A XXL,,Cepillos y Plumeros Autos,
,,,,,,,,MARWAL,Lana,,,S al XL,,Ceras para Autos,
,,,,,,,,MATCH,Lino,,,S AL XXL,,Ceras para Pisos,
,,,,,,,,MAX,Lycra,,,Surtido,,Cestos de Basura,
,,,,,,,,MC CARTHY,Madera,,,Unico,,Chalecos Reflectivos,
,,,,,,,,MERCATOR,Madera + Acero Inoxidable,,,XL,,Chombas,
,,,,,,,,MIA CASA,Madera 50% - Acero Inoxidable 25 % - Plástico 25%,,,XS,,Chopp,
,,,,,,,,MIKA,Madera de Acacia,,,XS A XL,,Cintas Adhesivas,
,,,,,,,,MISHKA,"Madera de Mango, Enlozado cerámico",,,XS A XXL,,Cintas Aislantes,
,,,,,,,,MOTOR OIL,Madera Wengue,,,XS al XL,,Cintas de Embalar,
,,,,,,,,MULTIFLON,Madera y acero,,,XS al XXL,,Cintas de Enmascarar,
,,,,,,,,NADIR,Mango de Acero Inoxidable y Cuerpo de Nylon,,,XXL,,Cintas Métricas,
,,,,,,,,NEUTRO,Melamina,,,XXXXL,,Clavos Cabeza Chata,
,,,,,,,,NOVICA,Metal,,,,,Cocteleras,
,,,,,,,,OCEAN,Metal y bamboo,,,,,Cojin,
,,,,,,,,ORDENE,Metal/Plástico*,,,,,Cojines,
,,,,,,,,ORGANIC SPA,Microfibra,,,,,Coladores,
,,,,,,,,OU,Mimbre,,,,,Colaless,
,,,,,,,,Outzen,Mimbre o similar (deducido),,,,,Colgadores,
,,,,,,,,OXFORD,"Mimbre, tela",,,,,Compoteras,
,,,,,,,,PADO,Modal,,,,,Conjuntos,
,,,,,,,,PASABAHCE,Morley,,,,,Contenedor de Alimentos,
,,,,,,,,PELDAR,Nonwoven,,,,,Contenedores,
,,,,,,,,PHYTON,Nylon,,,,,Contenedores Hérmeticos,
,,,,,,,,PIÑATA,Opalina,,,,,Copas,
,,,,,,,,PLUS GOURMET,Papel + MDF + Marco,,,,,Corpiños,
,,,,,,,,PLUS MARKET,Papel Crepé + MDF,,,,,Cortinas de Baño,
,,,,,,,,POLI,Pasto Marino,,,,,Cotillón,
,,,,,,,,POLIAUTO,Pet,,,,,Cuadros,
,,,,,,,,POXI-RAN,Plastico 100 %,,,,,Cubeteras,
,,,,,,,,POXILINA,Plástico,,,,,Cubre Manteles,
,,,,,,,,POXIPOL,Plástico (deducido),,,,,Cubre Volante,
,,,,,,,,PROBATTERY,Plástico / Silicona*,,,,,Cubrecamas,
,,,,,,,,PROFORCE,"Plástico, Acero Inoxidable y Goma",,,,,Cucharas,
,,,,,,,,RADOST,Plástico/Metal*,,,,,Cucharas Descartables,
,,,,,,,,RAYOVAC,Poliamida,,,,,Cucharones,
,,,,,,,,RD-90,Poliamida y Elastano,,,,,Cuchillos,
,,,,,,,,REPLAST,Poliamida y Elastano,,,,,Cutters,
,,,,,,,,REVIGAL,"Poliamida, Elastano",,,,,Decantadores de Vino,
,,,,,,,,RICCHEZZE,Policotton,,,,,Decoración Navideña,
,,,,,,,,RIGOLLEAU,Poliester + PVC + Plástico,,,,,Delantales de Cocina,
,,,,,,,,ROLOPAC,Poliester y Viscosa,,,,,Desodorantes de Ambientes,
,,,,,,,,RUBBERMAID,Poliester y Algodón,,,,,Despenseros,
,,,,,,,,SAFE LOCK,"Poliester, Viscosa y Spandex",,,,,Difusores,
,,,,,,,,SAN REMO,Polietileno,,,,,Dispensadores,
,,,,,,,,SANREMO,Polieuterano,,,,,Encendedores,
,,,,,,,,SCOTCH,Polipropileno,,,,,Ensaladeras,
,,,,,,,,ScotchBlue,Polipropileno Con Particulas De Mica,,,,,Enteritos,
,,,,,,,,SD,Poliéster,,,,,Escaleras,
,,,,,,,,SEPARATA,Poliéster y Elastano,,,,,Escobas,
,,,,,,,,SHAMI,Poliéster y Spandex,,,,,Escobas y Escobillones,
,,,,,,,,SICA,"Poliéster, Algodón",,,,,Escobillas,
,,,,,,,,SILISUR,"Poliéster, Viscosa",,,,,Escritorios,
,,,,,,,,SIN MARCA,Porcelana,,,,,Escurridores,
,,,,,,,,SISTEMA,PP,,,,,Escurridores de Platos,
,,,,,,,,SODASTREAM,PP (polipropileno) PEBD ( polietileno de baja densidad),,,,,Especieros,
,,,,,,,,STANLEY,PP + Silicona,,,,,Espejos,
,,,,,,,,STAR COMPANY,"Producto 1: Algodón en color sólido, Producto 2: Algodón, Poliéster en gris melange",,,,,Espejos Decorativos,
,,,,,,,,STOR,Q1,,,,,Esponjas,
,,,,,,,,Suavestar,"Rayón, Poliéster, Spandex.",,,,,Espumaderas,
,,,,,,,,SUKA,Rústico,,,,,Espátulas,
,,,,,,,,SUPRABOND,SAN (Estireno Acrilo-Nitrilo),,,,,Espátulas para Cocina,
,,,,,,,,SYLCON,Seagrass,,,,,Estantes,
,,,,,,,,SYO,Sherpa,,,,,Estopas,
,,,,,,,,THERMOS,Silicona,,,,,Exprimidores,
,,,,,,,,TIERRA NATIVA,Silicona - mango bambu,,,,,Faroles,
,,,,,,,,TIFOX,Sintético,,,,,Felpudos,
,,,,,,,,TIVOLI,Teflon,,,,,Figuras Decorativas,
,,,,,,,,TO GO,TPR + Silicona,,,,,Film Adherente,
,,,,,,,,TRAMONTINA,Tricot,,,,,Filtros de Papel,
,,,,,,,,UNIPOX,Tritan,,,,,Floreros,
,,,,,,,,URB,Vidrio,,,,,Flores Artificiales,
,,,,,,,,VEA,Vidrio + Baquelita + Acero,,,,,Foil de aluminio,
,,,,,,,,VERSALLES,Vidrio de Borosilicato,,,,,Frascos,
,,,,,,,,VIRULANA,Vidrio de Cal Sodada,,,,,Frazadas,
,,,,,,,,WABRO,Vidrio Opalino,,,,,Fuentes,
,,,,,,,,WD-40,Vidrio templado*,,,,,Fundas,
,,,,,,,,YESI,Vidrio y Ratan,,,,,Fundas de Almohada,
,,,,,,,,ZIPLOC,Viscosa,,,,,Fundas para Lavadora,
,,,,,,,,ZOTT,Viscosa y Nylon,,,,,Fundas Tablas de Planchar,
,,,,,,,,,Viscosa y Spandex,,,,,Gancho para Cortina de baño,
,,,,,,,,,Vitroceramica Gris,,,,,Ganchos de Colgar,
,,,,,,,,,,,,,,Ganchos de Cortina,
,,,,,,,,,,,,,,Ganchos para Colgar,
,,,,,,,,,,,,,,Gel de Limpieza,
,,,,,,,,,,,,,,Globos,
,,,,,,,,,,,,,,Gorros,
,,,,,,,,,,,,,,Guantes,
,,,,,,,,,,,,,,Guirnaldas de Luces,
,,,,,,,,,,,,,,Herméticos,
,,,,,,,,,,,,,,Hieleras,
,,,,,,,,,,,,,,Hilos de Polipropileno,
,,,,,,,,,,,,,,Individuales,
,,,,,,,,,,,,,,Infladores de Neumáticos,
,,,,,,,,,,,,,,Jaboneras,
,,,,,,,,,,,,,,Jaboneras para Baño,
,,,,,,,,,,,,,,Jarras,
,,,,,,,,,,,,,,Jarrones,
,,,,,,,,,,,,,,Jarros,
,,,,,,,,,,,,,,Jeans,
,,,,,,,,,,,,,,Juego de comedor,
,,,,,,,,,,,,,,Juego de Cubiertos,
,,,,,,,,,,,,,,Juego de Tazas,
,,,,,,,,,,,,,,Juego de Vasos,
,,,,,,,,,,,,,,Juegos de Sábanas,
,,,,,,,,,,,,,,Kits de Seguridad Autos,
,,,,,,,,,,,,,,Kits Limpieza de Autos,
,,,,,,,,,,,,,,Latas Yerberas,
,,,,,,,,,,,,,,Limpia Inyectores y Motores,
,,,,,,,,,,,,,,Limpia Tapizados Autos,
,,,,,,,,,,,,,,Limpiadores de Metales,
,,,,,,,,,,,,,,Limpiadores de Vidrios,
,,,,,,,,,,,,,,Limpiaparabrisas,
,,,,,,,,,,,,,,Linternas,
,,,,,,,,,,,,,,Llaves Crique,
,,,,,,,,,,,,,,Lubricantes,
,,,,,,,,,,,,,,Luces de Emergencia,
,,,,,,,,,,,,,,Macetas,
,,,,,,,,,,,,,,Manoplas,
,,,,,,,,,,,,,,Mantas,
,,,,,,,,,,,,,,Manteles,
,,,,,,,,,,,,,,Manteles De Mesa,
,,,,,,,,,,,,,,Matafuegos,
,,,,,,,,,,,,,,Materas,
,,,,,,,,,,,,,,Mates,
,,,,,,,,,,,,,,Medias,
,,,,,,,,,,,,,,Medias Cañas,
,,,,,,,,,,,,,,Medias Escolares,
,,,,,,,,,,,,,,Medias Fantasía,
,,,,,,,,,,,,,,Medias Infantil,
,,,,,,,,,,,,,,Medias Invisibles,
,,,,,,,,,,,,,,Mesas de Centro,
,,,,,,,,,,,,,,Mesas de comedor,
,,,,,,,,,,,,,,Mesas de Luz,
,,,,,,,,,,,,,,Modulares,
,,,,,,,,,,,,,,Moldes,
,,,,,,,,,,,,,,Molinillos,
,,,,,,,,,,,,,,Morteros,
,,,,,,,,,,,,,,Muebles de Cocina,
,,,,,,,,,,,,,,Mugs,
,,,,,,,,,,,,,,Musculosas,
,,,,,,,,,,,,,,Módulos,
,,,,,,,,,,,,,,Ojotas,
,,,,,,,,,,,,,,Ollas,
,,,,,,,,,,,,,,Organizador de Zapatos,
,,,,,,,,,,,,,,Organizadores,
,,,,,,,,,,,,,,Organizadores de Cocina,
,,,,,,,,,,,,,,Organizadores Multipropósito,
,,,,,,,,,,,,,,Palas,
,,,,,,,,,,,,,,Paneras,
,,,,,,,,,,,,,,Panquequeras,
,,,,,,,,,,,,,,Pantalones,
,,,,,,,,,,,,,,Pantuflas,
,,,,,,,,,,,,,,Papeles Aluminio,
,,,,,,,,,,,,,,Papeles Film,
,,,,,,,,,,,,,,Paraguas,
,,,,,,,,,,,,,,Parasol,
,,,,,,,,,,,,,,Parasoles Autos,
,,,,,,,,,,,,,,Parlantes,
,,,,,,,,,,,,,,Pavas,
,,,,,,,,,,,,,,Paños de Limpieza,
,,,,,,,,,,,,,,Paños de Microfibra,
,,,,,,,,,,,,,,Paños Multiusos,
,,,,,,,,,,,,,,Peladores,
,,,,,,,,,,,,,,Perchas,
,,,,,,,,,,,,,,Perfumes para Auto,
,,,,,,,,,,,,,,Pijamas,
,,,,,,,,,,,,,,Pilas,
,,,,,,,,,,,,,,Pilusos,
,,,,,,,,,,,,,,Pisa Papas,
,,,,,,,,,,,,,,Pisos Plegables,
,,,,,,,,,,,,,,Pistola Encoladora,
,,,,,,,,,,,,,,Pistolas Aplicadoras,
,,,,,,,,,,,,,,Pizzeras,
,,,,,,,,,,,,,,Placas,
,,,,,,,,,,,,,,Plafones,
,,,,,,,,,,,,,,Plafones Led,
,,,,,,,,,,,,,,Plantas Artificiales,
,,,,,,,,,,,,,,Platos,
,,,,,,,,,,,,,,Platos Descartables,
,,,,,,,,,,,,,,Platos Hondos,
,,,,,,,,,,,,,,Platos Infantiles,
,,,,,,,,,,,,,,Platos para Postre,
,,,,,,,,,,,,,,Polleras,
,,,,,,,,,,,,,,Polleras Escolares,
,,,,,,,,,,,,,,Porta Bolsas,
,,,,,,,,,,,,,,Porta Cepillos,
,,,,,,,,,,,,,,Porta Velas,
,,,,,,,,,,,,,,PortaCepillos,
,,,,,,,,,,,,,,Portaretratos,
,,,,,,,,,,,,,,Precintos y Cintas,
,,,,,,,,,,,,,,Protectores de Cama,
,,,,,,,,,,,,,,Provoleteras,
,,,,,,,,,,,,,,Proyectores,
,,,,,,,,,,,,,,Racks TV,
,,,,,,,,,,,,,,Ralladores,
,,,,,,,,,,,,,,Ranitas,
,,,,,,,,,,,,,,Rebozadores,
,,,,,,,,,,,,,,Reflectores Led,
,,,,,,,,,,,,,,Rejilla para Ducha,
,,,,,,,,,,,,,,Rejillas,
,,,,,,,,,,,,,,Relojes,
,,,,,,,,,,,,,,Remeras,
,,,,,,,,,,,,,,Renovadores Plásticos y Neumáticos,
,,,,,,,,,,,,,,Repasadores de Cocina,
,,,,,,,,,,,,,,Repuestos para Cocina,
,,,,,,,,,,,,,,Repuestos para Difusores,
,,,,,,,,,,,,,,Revolvedores Descartables,
,,,,,,,,,,,,,,Rociadores,
,,,,,,,,,,,,,,Sacacorchos,
,,,,,,,,,,,,,,Sahumerios,
,,,,,,,,,,,,,,Sandalias,
,,,,,,,,,,,,,,Sartenes,
,,,,,,,,,,,,,,Shampoos,
,,,,,,,,,,,,,,Shampoos para Autos,
,,,,,,,,,,,,,,Shorts,
,,,,,,,,,,,,,,Siliconas para Autos,
,,,,,,,,,,,,,,Sillas,
,,,,,,,,,,,,,,Sillas Colgantes,
,,,,,,,,,,,,,,Sillas de Escritorio,
,,,,,,,,,,,,,,Sillas de Jardín,
,,,,,,,,,,,,,,Slips,
,,,,,,,,,,,,,,Sogas,
,,,,,,,,,,,,,,Soquete,
,,,,,,,,,,,,,,Soquetes,
,,,,,,,,,,,,,,Sorbetes,
,,,,,,,,,,,,,,Soutien,
,,,,,,,,,,,,,,Sweaters y Chalecos,
,,,,,,,,,,,,,,Sábanas,
,,,,,,,,,,,,,,Tablas,
,,,,,,,,,,,,,,Tablas de Planchar,
,,,,,,,,,,,,,,Tacos Cuchillos,
,,,,,,,,,,,,,,Tangas y Culottes,
,,,,,,,,,,,,,,Tapados,
,,,,,,,,,,,,,,Tarteras,
,,,,,,,,,,,,,,Tazas,
,,,,,,,,,,,,,,Tazones,
,,,,,,,,,,,,,,Tendederos de Ropa,
,,,,,,,,,,,,,,Tenedores,
,,,,,,,,,,,,,,Termos Mate,
,,,,,,,,,,,,,,Termos para Agua,
,,,,,,,,,,,,,,Toallas de Baño,
,,,,,,,,,,,,,,Toallas de Mano,
,,,,,,,,,,,,,,Toallas de Playa,
,,,,,,,,,,,,,,Toallas de Visita,
,,,,,,,,,,,,,,Toallones,
,,,,,,,,,,,,,,Tomas Corriente,
,,,,,,,,,,,,,,Topes,
,,,,,,,,,,,,,,Tops,
,,,,,,,,,,,,,,Tornillos Parker,
,,,,,,,,,,,,,,Torteras,
,,,,,,,,,,,,,,Tostadores,
,,,,,,,,,,,,,,Trajes de Baño,
,,,,,,,,,,,,,,Trusas,
,,,,,,,,,,,,,,Ténder de Ropa,
,,,,,,,,,,,,,,Utensilios de Cocina,
,,,,,,,,,,,,,,Vajillas,
,,,,,,,,,,,,,,Vasos,
,,,,,,,,,,,,,,Vasos Descartables,
,,,,,,,,,,,,,,Vasos Térmicos,
,,,,,,,,,,,,,,Vedetina,
,,,,,,,,,,,,,,Vedetinas,
,,,,,,,,,,,,,,Velas,
,,,,,,,,,,,,,,Velas Aromáticas,
,,,,,,,,,,,,,,Velas de Cumpleaños,
,,,,,,,,,,,,,,Velas Decorativas,
,,,,,,,,,,,,,,Velas Tea Light,
,,,,,,,,,,,,,,Vertederos,
,,,,,,,,,,,,,,Vertedores,
,,,,,,,,,,,,,,Vestidos,
,,,,,,,,,,,,,,Vinagretas,
,,,,,,,,,,,,,,Woks,
,,,,,,,,,,,,,,Zapatillas,
