Categoría,Sub-Categoría,Cepa,Color Cerveza,Contenido,Envase,Gasificado,Marca,Pack-Unitario,Sabor,Tipo de Producto,Variedad
A Base de Hierbas,Aguas Con Gas,Blend,Negra,1 L,Botella,No,0-61,Pack,Anana,Aguas de Coco,Blanc De Blancs
Aguas,Aguas Saborizadas,Cabernet Franc,Roja,1 L - 2 L,Botella Retornable,Sí,1882,Unitario,Anana y Mandarina,Aguas de Mesa,Blend
Aperitivos,Aguas Sin Gas,Cabernet Sauvignon,Rubia,"1,5 L",Brik,,1888,,Arándano,Aguas Minerales con Gas,Brut
Bebidas Blancas,Cola,Chardonnay,,"1,5 lts",Caja,,5.0,,Arándanos-Manzana,Aguas Minerales sin Gas,Brut Nature
Cervezas,En Polvo,Chenin,,1.1 L,Cartón,,7 UP,,Café,Aguas Saborizadas con Gas,Brut Rosé
Champagnes,Frescos,Malbec,,1.2 L,Lata,,8 HERMANOS,,Chocolate,Aguas Saborizadas sin Gas,Charmart Partridge
Energizantes,Granadina,Merlot,,1.5 L,Pack,,ABERLOUR,,Citrus,Aguas Tónicas,Cuvee Demi Sec
Gaseosas,Guaraná,Pinot Noir,,1.5 lt,Paquete,,ABSOLUT,,Cola,Aperitivos,Doux
Generosos,Lima Limón,Sauvignon Blanc,,1.5lt,Porrón,,ADES,,Cola + Lima Limón,Bebidas a Base de Hierbas,Dulce
Hielo,Listos,Syrah,,1.65 L,Sobre,,AGOSTINO,,Cool Blue,Bebidas Energizantes,Extra Brut
Isotónicas,Naranja,Tannat,,1.75 L,,,AIMÉ,,Dulce de Leche,Bebidas Isotónicas,Nature
Jugos,Pomelo,Tempranillo,,1.75lt,,,ALAMBRADO,,Dulce y especiado,Cachazas,Rosé
Licores,Tónica,Torrontés,,1000 Cc,,,ALAMOS,,Durazno,Cervezas,
Sidras,Vinos Blancos,,,100250cc,,,ALMA MORA,,Frutas Tropical,Cervezas Artesanales,
Vinos,Vinos Frizantes,,,100500cc,,,ALMA NEGRA,,Frutilla y Mango,Cervezas Importadas,
Whiskys,Vinos Rosados,,,1360 Ml,,,ALOJA,,Frutos Tropicales,Cervezas Premium,
,Vinos Tintos,,,15 G,,,ALTAMIRA,,Ginger Ale,Cervezas Sin Alcohol,
,,,,15 Gr,,,ALTOS DEL PLATA,,Hierbas,Cervezas Tradicionales,
,,,,150 ml,,,ALYDA,,Huevo,Champagnes,
,,,,187 ml,,,AMALAYA,,"Jengibre, Hibiscus Y Cedrón",Coñac,
,,,,2 L,,,AMARETTO DI SARONNO,,Lima-Limón,Cremas de Licores,
,,,,2 Litros,,,AMERICAN CLUB,,Limonada,Cócteles,
,,,,2 lts,,,AMSTEL,,Limón,Espumantes,
,,,,"2,25 L",,,ANDELUNA,,Lychee,Fernet,
,,,,2.2 L,,,ANDES,,Mango,Frizzantes,
,,,,2.25 L,,,ANGELICA ZAPATA,,Manzana,Frutillas,
,,,,2.25 lt,,,ANIMAL,,Manzana-Kiwi,Gaseosas,
,,,,2.25lt,,,ANTARES,,Maracuyá,Gaseosas Light,
,,,,2.5 L,,,APEROL,,Mountain Blast,Gaseosas Sin Azúcar,
,,,,200 ml,,,AQUARIUS,,Multifruta,Gin,
,,,,250 ml - 500 ml,,,ARAUCANA,,Naranja,Hielo,
,,,,269 ml,,,ARCOR,,Naranja Durazno,Insecticidas,
,,,,300 ml,,,ARGENTO,,Naranja Manzana,Jarabes de Goma,
,,,,310 ml,,,ARISTIDES,,"Naranja, Banana",Jugos Concentrados,
,,,,330 Ml,,,ARTESANO,,"Naranja, Dulce",Jugos de Soja,
,,,,340 Ml,,,ASAHI,,"Naranja, Lima",Jugos en Polvo,
,,,,354 ml,,,AUTENTICO,,"Naranja, Mango",Jugos en Polvo Light,
,,,,375 ml,,,BACARDI,,"Pepino, Naranja, Pera, Arándano",Jugos Frescos,
,,,,473cc,,,BAILEYS,,Pera,Jugos Listos,
,,,,500 cc,,,BALLANTINES,,Pome,Jugos Naturales,
,,,,500 ml,,,BARON B,,Pomelo,Jugos refrigerados,
,,,,500 ml - 750 ml,,,BARRILITO,,Pomelo Amarillo,Kombuchas,
,,,,500ml,,,BC,,Pomelo Rosado,Licores,
,,,,591 cc,,,BEEFEATER,,"Sabor intenso y complejo. Elaborado a partir de una mezcla secreta de 56 hierbas, flores, raíces y frutas, es famoso en todo el mundo tanto por su uso en cócteles como por ser consumido solo, generalmente bien frío o con hielo. Este licor oscuro y robusto se ha convertido en un clásico en bares y fiestas.",Limonadas,
,,,,591 ml,,,BEEPURE,,Serrano,Limones,
,,,,6.3 L,,,BENEDICTINO,,Soja y Frutas,Lustramuebles,
,,,,7 Gr,,,BENJAMIN,,Tomate,Pilas Recargables,
,,,,7.5 Gr,,,BENJAMIN NIETO,,Tónica,Pisco,
,,,,700 Cc,,,BIANCHI,,Uva,Pulpas de Fruta,
,,,,700 ml,,,BIECKERT,,Yerba Mate,Quesos,
,,,,750 Cc,,,BITBURGER,,,Renovadores de Calzado,
,,,,750 Gr,,,BLENDERS,,,Ron,
,,,,750 ml,,,BLUE MOON,,,Sidras,
,,,,750 ml - 1 L,,,BOMBAY,,,Soda,
,,,,750 ml - 1.000 ml,,,BOOCH,,,Tequila,
,,,,750ml,,,BOSQUE,,,Vermouths,
,,,,8 Gr,,,BRAHMA,,,Vinos,
,,,,910 Ml,,,BRANCA,,,Vinos Blancos,
,,,,995 cc,,,BRAVIO,,,Vinos Dulces,
,,,,995 Ml,,,Brazos de los Andes,,,Vinos Moscato,
,,,,Mayor a 2 L,,,BRIGHTON,,,Vinos Rosados,
,,,,,,,BRIO,,,Vinos Tintos,
,,,,,,,BRITVIC,,,Vodka,
,,,,,,,BUCHANAN,,,Whisky,
,,,,,,,BUDWEISER,,,,
,,,,,,,BUHERO,,,,
,,,,,,,BULLDOG,,,,
,,,,,,,BURNETTS,,,,
,,,,,,,CADUS,,,,
,,,,,,,CAFAYATE,,,,
,,,,,,,CALLEJON DEL CRIMEN,,,,
,,,,,,,CALLIA,,,,
,,,,,,,CAMPARI,,,,
,,,,,,,CAMPBELL´S,,,,
,,,,,,,CANCILLER,,,,
,,,,,,,CANTUS,,,,
,,,,,,,CAPITAN MORGAN,,,,
,,,,,,,CAROLANS,,,,
,,,,,,,CARPANO,,,,
,,,,,,,CASA AGOSTINO,,,,
,,,,,,,CASA BOHER,,,,
,,,,,,,CASA DE HERRER0,,,,
,,,,,,,CASILLERO DEL DIABLO,,,,
,,,,,,,CATENA ZAPATA,,,,
,,,,,,,CELLIER,,,,
,,,,,,,CENTENARIO,,,,
,,,,,,,CEPA TRADICIONAL,,,,
,,,,,,,CEPAS ARGENTINAS,,,,
,,,,,,,CEPITA,,,,
,,,,,,,CHAC CHAC,,,,
,,,,,,,CHACABUCO,,,,
,,,,,,,CHANDON,,,,
,,,,,,,CHATEAU,,,,
,,,,,,,CHATEAU MONTCHENOT,,,,
,,,,,,,CHATEAU VIEUX,,,,
,,,,,,,CHIVAS,,,,
,,,,,,,CHIVAS REGAL,,,,
,,,,,,,CINZANO,,,,
,,,,,,,CIRCUS,,,,
,,,,,,,CITRIC,,,,
,,,,,,,CLIGHT,,,,
,,,,,,,CLOS DE LOS 7,,,,
,,,,,,,COCA COLA,,,,
,,,,,,,CODORNIU,,,,
,,,,,,,COINTREAU,,,,
,,,,,,,COLOME,,,,
,,,,,,,COLON,,,,
,,,,,,,COLOSSO WINES,,,,
,,,,,,,CONQUISTADOR,,,,
,,,,,,,COQUENA,,,,
,,,,,,,CORDERO CON PIEL DE LOBO,,,,
,,,,,,,CORDOBA,,,,
,,,,,,,CORONA,,,,
,,,,,,,CREMA AMARULA,,,,
,,,,,,,CRIOS,,,,
,,,,,,,CRISTAL,,,,
,,,,,,,CROTTA,,,,
,,,,,,,CRUSH,,,,
,,,,,,,CRUX,,,,
,,,,,,,CUARTO CRECIENTE.,,,,
,,,,,,,CUCHILLO DE PALO,,,,
,,,,,,,CUESTA DEL MADERO,,,,
,,,,,,,CUISINE & CO,,,,
,,,,,,,CUNNINGTON,,,,
,,,,,,,CUSENIER,,,,
,,,,,,,CUTTY SARK,,,,
,,,,,,,CUVELIER LOS ANDES,,,,
,,,,,,,CYNAR,,,,
,,,,,,,DADA,,,,
,,,,,,,DAMONJAG,,,,
,,,,,,,DANTE,,,,
,,,,,,,DEL VALLE,,,,
,,,,,,,DELLEPIANE,,,,
,,,,,,,DIAMANDES,,,,
,,,,,,,DILEMA,,,,
,,,,,,,DOBLE,,,,
,,,,,,,DOMAINE BOUSQUET,,,,
,,,,,,,DON DAVID,,,,
,,,,,,,DON ESCORIHUELA GASCON,,,,
,,,,,,,DON NICANOR,,,,
,,,,,,,DON VALENTIN,,,,
,,,,,,,DR LEMON,,,,
,,,,,,,DRAMBUIE,,,,
,,,,,,,DV CATENA,,,,
,,,,,,,ECO DE LOS ANDES,,,,
,,,,,,,EL ABUELO,,,,
,,,,,,,EL BAUTISMO,,,,
,,,,,,,EL ENEMIGO,,,,
,,,,,,,EL ESTECO,,,,
,,,,,,,ELEGIDO,,,,
,,,,,,,ELEMENTOS,,,,
,,,,,,,EMILIA,,,,
,,,,,,,ENERGY DRINK,,,,
,,,,,,,ERDINGER,,,,
,,,,,,,ESCORIHUELA,,,,
,,,,,,,ESCORIHUELA GASCON,,,,
,,,,,,,ESMERALDA,,,,
,,,,,,,ESTANCIA LOS NARANJOS,,,,
,,,,,,,ESTANCIA MENDOZA,,,,
,,,,,,,ESTATE,,,,
,,,,,,,ESTIBA I,,,,
,,,,,,,ETCHART,,,,
,,,,,,,EUGENIO BUSTOS,,,,
,,,,,,,FABRE MONTMAYOU,,,,
,,,,,,,FAMIGLIA BIANCHI,,,,
,,,,,,,FAMILIA GASCON,,,,
,,,,,,,FAMILIA ZUCCARDI,,,,
,,,,,,,FANTA,,,,
,,,,,,,FEDERICO DE ALVEAR,,,,
,,,,,,,FELINO,,,,
,,,,,,,FESTIVO,,,,
,,,,,,,FIN DEL MUNDO,,,,
,,,,,,,FINCA LA ANITA,,,,
,,,,,,,FINCA LA LINDA,,,,
,,,,,,,FINCA LAS MORAS,,,,
,,,,,,,FINCA LOS PRIMOS,,,,
,,,,,,,Finca Magnolia,,,,
,,,,,,,FINCA NATALINA,,,,
,,,,,,,FLENSBURGER,,,,
,,,,,,,FLOR DE CAÑA,,,,
,,,,,,,FOND DE CAVE,,,,
,,,,,,,FOSTER,,,,
,,,,,,,FRAN,,,,
,,,,,,,FRANGELICO,,,,
,,,,,,,FRIZZE,,,,
,,,,,,,FRUGGINA,,,,
,,,,,,,GANCIA,,,,
,,,,,,,GASCON,,,,
,,,,,,,GATORADE,,,,
,,,,,,,GERGAL,,,,
,,,,,,,GIOL,,,,
,,,,,,,GLACIAR,,,,
,,,,,,,GLENFIDDICH,,,,
,,,,,,,GLENLIVET,,,,
,,,,,,,GLENMORANGIE,,,,
,,,,,,,GOOSE ISLAND,,,,
,,,,,,,GORDON´S,,,,
,,,,,,,GRAFFIGNA,,,,
,,,,,,,GRAN ENEMIGO,,,,
,,,,,,,GRAN SOMBRERO,,,,
,,,,,,,GRANT´S,,,,
,,,,,,,GREY GOOSE,,,,
,,,,,,,GROLSCH,,,,
,,,,,,,GULDEN DRAAK,,,,
,,,,,,,H2OH,,,,
,,,,,,,HAVANA CLUB,,,,
,,,,,,,HEINEKEN,,,,
,,,,,,,HENDRICK´S,,,,
,,,,,,,HEREDERO,,,,
,,,,,,,HESPERIDINA,,,,
,,,,,,,HOLDMOSER,,,,
,,,,,,,HUMBERTO CANALE,,,,
,,,,,,,IGUANA,,,,
,,,,,,,IL CAPRONE,,,,
,,,,,,,IMPERIAL,,,,
,,,,,,,INTIMO,,,,
,,,,,,,J & B,,,,
,,,,,,,JACK DANIELS,,,,
,,,,,,,JAGERMEISTER,,,,
,,,,,,,JAMESON,,,,
,,,,,,,JIM BEAM,,,,
,,,,,,,JOHNNIE WALKER,,,,
,,,,,,,JOSE CUERVO,,,,
,,,,,,,JUAN DE JUANA,,,,
,,,,,,,KAMIKI,,,,
,,,,,,,KILLKA,,,,
,,,,,,,KING,,,,
,,,,,,,KO AGUA,,,,
,,,,,,,LA CAMPAGNOLA,,,,
,,,,,,,LA CELIA,,,,
,,,,,,,LA FLOR,,,,
,,,,,,,LA FUERZA,,,,
,,,,,,,LA LINDA,,,,
,,,,,,,LA PODEROSA,,,,
,,,,,,,LA VICTORIA,,,,
,,,,,,,LAGARDE,,,,
,,,,,,,LANDVIK,,,,
,,,,,,,LARIOS,,,,
,,,,,,,LAS BRISAS,,,,
,,,,,,,LAS MORAS,,,,
,,,,,,,LAS PERDICES,,,,
,,,,,,,LATITUD 33,,,,
,,,,,,,LEGUI,,,,
,,,,,,,Levite,,,,
,,,,,,,LINDA FLOR,,,,
,,,,,,,LOLA,,,,
,,,,,,,LOPEZ,,,,
,,,,,,,LORCA,,,,
,,,,,,,LORCA FANTASIA,,,,
,,,,,,,LOS ARBOLES,,,,
,,,,,,,LOS HAROLDOS,,,,
,,,,,,,LOS INTOCABLES,,,,
,,,,,,,LOS PASOS,,,,
,,,,,,,LOTE NEGRO,,,,
,,,,,,,LUCA,,,,
,,,,,,,LUIGI BOSCA,,,,
,,,,,,,LUNA,,,,
,,,,,,,MAGNA,,,,
,,,,,,,MAKERS MARK,,,,
,,,,,,,MALAMADO,,,,
,,,,,,,MALBEC ARGENTINO,,,,
,,,,,,,MALEFICIO,,,,
,,,,,,,MALFY,,,,
,,,,,,,MALIBU,,,,
,,,,,,,MANDALA,,,,
,,,,,,,MARCELA,,,,
,,,,,,,MARCUS,,,,
,,,,,,,MARIFLOR,,,,
,,,,,,,MARLO,,,,
,,,,,,,MARQUES DE CACERES,,,,
,,,,,,,MARTINI,,,,
,,,,,,,MENDEL,,,,
,,,,,,,MERCIER,,,,
,,,,,,,Merle,,,,
,,,,,,,MG SPIRIT,,,,
,,,,,,,MIL DEMONIOS,,,,
,,,,,,,MILLER,,,,
,,,,,,,MIRINDA,,,,
,,,,,,,MISTRAL,,,,
,,,,,,,MOET CHANDON,,,,
,,,,,,,Monastere,,,,
,,,,,,,MONKEY 47,,,,
,,,,,,,MONKEY SHOULDER,,,,
,,,,,,,MONSTER,,,,
,,,,,,,MONTCHENOT,,,,
,,,,,,,Mosquita Muerta,,,,
,,,,,,,MUMM,,,,
,,,,,,,NADA MAS QUE,,,,
,,,,,,,NAMPE,,,,
,,,,,,,NAVARRO CORREAS,,,,
,,,,,,,NESTLE,,,,
,,,,,,,NEW AGE,,,,
,,,,,,,NICASIA,,,,
,,,,,,,NIETO,,,,
,,,,,,,NIETO & SENETINER,,,,
,,,,,,,NINA,,,,
,,,,,,,NOELLAT,,,,
,,,,,,,Nordes,,,,
,,,,,,,NORTON,,,,
,,,,,,,NUMINA,,,,
,,,,,,,OBRERO,,,,
,,,,,,,OETTINGER,,,,
,,,,,,,OJO DE BUEN CUBERO,,,,
,,,,,,,OLD PARR,,,,
,,,,,,,ORANJEBOOM,,,,
,,,,,,,ORNELLAIA,,,,
,,,,,,,ORTUZAR,,,,
,,,,,,,PACHECO PEREDA,,,,
,,,,,,,PADRILLOS,,,,
,,,,,,,PAMPA BREWING,,,,
,,,,,,,PARTRIDGE,,,,
,,,,,,,PASO DE LOS TOROS,,,,
,,,,,,,PATAGONIA,,,,
,,,,,,,PEPSI,,,,
,,,,,,,PEQUEÑAS PRODUCCIONES,,,,
,,,,,,,PERDRIEL,,,,
,,,,,,,PERONI,,,,
,,,,,,,PERRIER,,,,
,,,,,,,PERRO,,,,
,,,,,,,PETIT FLEUR,,,,
,,,,,,,PETITE FLEUR,,,,
,,,,,,,PEÑON DEL AGUILA,,,,
,,,,,,,PIATELLI,,,,
,,,,,,,PICO DE ORO,,,,
,,,,,,,PIETRA,,,,
,,,,,,,PITU,,,,
,,,,,,,PORTILLO,,,,
,,,,,,,POSTALES,,,,
,,,,,,,POWERADE,,,,
,,,,,,,PREMIUM,,,,
,,,,,,,PRIMERAS VIÑAS,,,,
,,,,,,,PRITTY,,,,
,,,,,,,Privada,,,,
,,,,,,,PRONTO BITT,,,,
,,,,,,,PRONTO SHAKE,,,,
,,,,,,,PULENTA ESTATE,,,,
,,,,,,,PUNT ET MES,,,,
,,,,,,,PURA FRUTTA,,,,
,,,,,,,PURAMUN,,,,
,,,,,,,PUTRUELE,,,,
,,,,,,,PYROS,,,,
,,,,,,,QUARA,,,,
,,,,,,,QUILMES,,,,
,,,,,,,RABIETA,,,,
,,,,,,,RAMAZZOTTI,,,,
,,,,,,,RED BULL,,,,
,,,,,,,RESERO,,,,
,,,,,,,RESERVA SAN JUAN,,,,
,,,,,,,ROBINO,,,,
,,,,,,,ROSELL BOHER,,,,
,,,,,,,ROSELLA,,,,
,,,,,,,RUCA MALEN,,,,
,,,,,,,RUTINI,,,,
,,,,,,,SAINT FELICIEN,,,,
,,,,,,,SALDAN,,,,
,,,,,,,SALENTEIN,,,,
,,,,,,,SALTA,,,,
,,,,,,,SALVADOR,,,,
,,,,,,,SAMCHEN,,,,
,,,,,,,SAN FELIPE,,,,
,,,,,,,SAN HUBERTO,,,,
,,,,,,,SAN PEDRO,,,,
,,,,,,,SAN TELMO,,,,
,,,,,,,SANTA JULIA,,,,
,,,,,,,SAPO,,,,
,,,,,,,SAURUS,,,,
,,,,,,,SCHNEIDER,,,,
,,,,,,,SCHWEPPES,,,,
,,,,,,,SELECT,,,,
,,,,,,,SEPTIMA,,,,
,,,,,,,SERNOVA,,,,
,,,,,,,SEXY FISH,,,,
,,,,,,,SHERIDANS,,,,
,,,,,,,SIERRA DE LOS PADRES,,,,
,,,,,,,SIESTA,,,,
,,,,,,,SIGNUM,,,,
,,,,,,,SIN MARCA,,,,
,,,,,,,SINGHA,,,,
,,,,,,,SINGLETON,,,,
,,,,,,,SIR EDWARD'S,,,,
,,,,,,,SKYY,,,,
,,,,,,,SMART WATER,,,,
,,,,,,,SMIRNOFF,,,,
,,,,,,,SOCOCO,,,,
,,,,,,,SODASTREAM,,,,
,,,,,,,SOMBRERO,,,,
,,,,,,,SOTTANO,,,,
,,,,,,,SPEED,,,,
,,,,,,,SPIRITO BLU,,,,
,,,,,,,SPRITE,,,,
,,,,,,,ST. GERMAIN,,,,
,,,,,,,STELLA ARTOIS,,,,
,,,,,,,SUC. ABEL MICHEL TORINO,,,,
,,,,,,,SUEROX,,,,
,,,,,,,SUSANA B.,,,,
,,,,,,,SUTER,,,,
,,,,,,,TACCONI,,,,
,,,,,,,TALISMAN,,,,
,,,,,,,TAMBO,,,,
,,,,,,,TANG,,,,
,,,,,,,TANQUERAY,,,,
,,,,,,,TERMA,,,,
,,,,,,,TERMA CITRUS,,,,
,,,,,,,TERMIDOR,,,,
,,,,,,,TERRA,,,,
,,,,,,,TERRAZAS,,,,
,,,,,,,TIA MARIA,,,,
,,,,,,,TILIA,,,,
,,,,,,,TORO,,,,
,,,,,,,TOSO,,,,
,,,,,,,TRAPICHE,,,,
,,,,,,,TRES PLUMAS,,,,
,,,,,,,TRES TORRES,,,,
,,,,,,,TRIO,,,,
,,,,,,,TRIVENTO,,,,
,,,,,,,TRUMPETER,,,,
,,,,,,,TSINGTAO,,,,
,,,,,,,TUTTI,,,,
,,,,,,,UXMAL,,,,
,,,,,,,VAL DE FLORES,,,,
,,,,,,,VALDERROBLES,,,,
,,,,,,,VENTUS,,,,
,,,,,,,VERAO,,,,
,,,,,,,VEUVE CLICQUOT,,,,
,,,,,,,VILLA DEL SUR,,,,
,,,,,,,VILLAVICENCIO,,,,
,,,,,,,VIN UP,,,,
,,,,,,,VINCENZO,,,,
,,,,,,,VINITERRA,,,,
,,,,,,,VISTALBA,,,,
,,,,,,,VITTONE,,,,
,,,,,,,VIÑAS DE ALVEAR,,,,
,,,,,,,VIÑAS DE BALBO,,,,
,,,,,,,VOLCAN,,,,
,,,,,,,WAMPA,,,,
,,,,,,,WARSTEINER,,,,
,,,,,,,WEINERT,,,,
,,,,,,,WHITE HORSE,,,,
,,,,,,,WILD TURKEY,,,,
,,,,,,,WYBOROWA,,,,
,,,,,,,YACI,,,,
,,,,,,,YACOCHUYA,,,,
,,,,,,,ZUCCARDI,,,,
